ID,MatchNumber,TeamNumber,ScoutName,Auto_Leave,Auto_Coral_L1,Auto_Coral_L2,Auto_Coral_L3,Auto_Coral_L4,Tele_Coral_L1,Tele_Coral_L2,Tele_Coral_L3,Tele_Coral_L4,Tele_Processor,Tele_Barge,Endgame_Parked,Endgame_Shallow_Cage,Endgame_Deep_Cage,Comments,Last Modified
,1,138,Nathaniel,1.00,0.00,0.00,0.00,1.00,0.00,0.00,4.00,4.00,0.00,0.00,0.00,0.00,1.00,Can dislodge algae. Struggles to get coral from human player station and human player stuck arm way down trying to get coral into the robot.,3/22/2025 9:18pm
,2,4909,Nathaniel,0.00,0.00,0.00,0.00,3.00,0.00,5.00,5.00,5.00,0.00,0.00,0.00,0.00,1.00,,3/22/2025 9:18pm
,3,2712,Nathaniel,1.00,0.00,0.00,0.00,0.00,0.00,0.00,0.00,0.00,0.00,0.00,0.00,0.00,0.00,"Got penalties for hitting other robots in opposite teams safe zone, also didn't really do defence very well as the other team had no problems going around the robot",3/22/2025 9:18pm
,4,6895,Nathaniel,1.00,0.00,0.00,0.00,0.00,0.00,0.00,0.00,0.00,0.00,0.00,1.00,0.00,0.00,"Dropped every piece of coral it got onto the floor, very slow, can climb but struggles getting aligned. Might make a good defence bot due to its type of wheels.",3/22/2025 9:18pm
,5,131,Nathaniel,1.00,0.00,0.00,0.00,2.00,1.00,4.00,3.00,2.00,0.00,0.00,0.00,0.00,0.00,Can pick from the floor. Is a bit tippy when doing level 4 and is a little slow picking up from floor as well as picking algae out of the reef,3/22/2025 9:18pm
,6,319,Nathaniel,1.00,0.00,0.00,0.00,0.00,0.00,0.00,2.00,4.00,0.00,0.00,1.00,0.00,0.00,Dropped a few pieces and struggles to align to the reef,3/22/2025 9:18pm
,7,1071,Nathaniel,1.00,0.00,0.00,0.00,0.00,0.00,1.00,3.00,0.00,0.00,0.00,1.00,0.00,0.00,"Can dislodge algae. Dropped quite a few coral from the player station and got one stuck in the robot, just drives forward during auto.",3/22/2025 9:18pm
,8,8410,Nathaniel,1.00,0.00,0.00,0.00,0.00,1.00,0.00,0.00,3.00,0.00,0.00,1.00,0.00,0.00,,3/22/2025 9:18pm
,9,4034,Nathaniel,1.00,0.00,0.00,0.00,0.00,0.00,0.00,0.00,0.00,0.00,0.00,1.00,0.00,0.00,Team spent entire match trying to dislodge an algae from the reef,3/22/2025 9:18pm
,10,3467,Nathaniel,1.00,0.00,0.00,0.00,1.00,1.00,2.00,4.00,3.00,2.00,2.00,0.00,0.00,1.00,"Really good at everything, autonomous couldn't see the reef to score the 2nd coral but it normally does 3 in auto. Can dislodge algae. ",3/22/2025 9:18pm
,11,4761,Nathaniel,1.00,0.00,0.00,0.00,0.00,0.00,0.00,2.00,0.00,0.00,0.00,0.00,0.00,0.00,"Broke down. Did 2 pieces in teleop, dropped a piece in auto, looked like it had issues with swerve from auto until 1 min left, and then again after scoring the 2 pieces.",3/22/2025 9:18pm
,12,1071,Nathaniel,1.00,0.00,0.00,0.00,0.00,0.00,0.00,0.00,0.00,0.00,0.00,1.00,0.00,0.00,"Can dislodge algae. Got a piece of coral stuck in it, and ended up sending a piece of algae under our robot. played defence after clearing the algae",3/22/2025 9:18pm
,13,6328,Nathaniel,1.00,0.00,0.00,0.00,2.00,4.00,4.00,3.00,0.00,2.00,1.00,1.00,0.00,0.00,"Really good robot, dropped a piece in auto but cam do everything and does it well, possibly going to be first seeded alliance at the end.",3/22/2025 9:18pm
,14,6367,Nathaniel,1.00,1.00,0.00,0.00,0.00,1.00,1.00,5.00,0.00,1.00,0.00,0.00,0.00,0.00,"Can dislodge algae. Slow but steady, minimal autonomous but consistent in teleop. chose to score at the end instead of parking.",3/22/2025 9:18pm
,15,1307,Nathaniel,1.00,0.00,0.00,0.00,0.00,1.00,0.00,0.00,3.00,0.00,0.00,0.00,0.00,0.00,Got stuck on reef after dropping the coral missing level 4 but landing on level 1,3/22/2025 9:18pm
,16,8410,Nathaniel,1.00,0.00,0.00,0.00,0.00,0.00,0.00,0.00,0.00,0.00,0.00,1.00,0.00,0.00,"Broke something, couldn't score so it went to play defence but didn't block much, just sat in front of the human player station",3/22/2025 9:18pm
,17,5902,Nathaniel,1.00,0.00,0.00,0.00,1.00,0.00,0.00,0.00,0.00,1.00,0.00,1.00,0.00,0.00,Can dislodge algae. Was slow and almost tipped over,3/22/2025 9:18pm
,18,7907,Nathaniel,0.00,0.00,0.00,0.00,0.00,0.00,0.00,0.00,0.00,0.00,0.00,0.00,0.00,0.00,"No autonomous Defence but didn't park, also didn't score anything. ",3/22/2025 9:18pm
,19,1474,Nathaniel,1.00,0.00,0.00,0.00,0.00,0.00,0.00,0.00,0.00,0.00,0.00,1.00,0.00,0.00,Struggled to do something at the reef dropped the piece on the ground and didn't do anything else.,3/22/2025 9:18pm
,20,7674,Nathaniel,1.00,0.00,0.00,0.00,0.00,0.00,0.00,0.00,7.00,1.00,0.00,1.00,0.00,0.00,Good at level 4 but also super tippy,3/22/2025 9:18pm
,21,238,Nathaniel,1.00,0.00,0.00,0.00,0.00,0.00,4.00,2.00,0.00,3.00,0.00,0.00,0.00,0.00,Can dislodge algae. Decent robot but drivers tend to hyper focus at times.,3/22/2025 9:18pm
,22,8046,Nathaniel,1.00,0.00,0.00,0.00,1.00,1.00,0.00,0.00,6.00,0.00,0.00,1.00,0.00,0.00,Occasionally drops the coral but did a processor in autonomous and can do l4 coral fairly fast,3/22/2025 9:18pm
,23,6690,Nathaniel,1.00,0.00,0.00,0.00,0.00,0.00,0.00,0.00,0.00,2.00,2.00,0.00,0.00,0.00,"Algae only robot but can grab from both levels on reef, not the fastest but does what it seeks to accomplish, looks like it would be faster for it to just sat barge as it gets stuck when trying to putting it in the processor.",3/22/2025 9:18pm
,24,3597,Nathaniel,1.00,0.00,0.00,0.00,0.00,1.00,0.00,2.00,5.00,0.00,0.00,0.00,0.00,1.00,A bit tippy when its fully extended but does what it set out to do besides for anything in autonomous,3/22/2025 9:18pm
,25,2342,Nathaniel,1.00,0.00,0.00,0.00,2.00,1.00,3.00,0.00,3.00,0.00,0.00,0.00,0.00,1.00,"Decent bot, takes a second for it to grab a piece from the station",3/22/2025 9:18pm
,26,501,Nathaniel,1.00,0.00,0.00,0.00,0.00,0.00,0.00,0.00,0.00,1.00,0.00,1.00,0.00,0.00,"Can dislodge algae. Not a good robot, can't do anything other than algae and it can barely do that, its good at just removing them from the reef but then struggles to hold them and struggles to pick them up in the first place.",3/22/2025 9:18pm
,27,6324,Nathaniel,1.00,0.00,0.00,0.00,3.00,0.00,5.00,0.00,5.00,0.00,0.00,1.00,0.00,0.00,"Really good robot, almost identical to 6328 which is only 4 numbers away.",3/22/2025 9:18pm
,28,3597,Nathaniel,1.00,0.00,0.00,0.00,0.00,2.00,0.00,5.00,3.00,0.00,0.00,1.00,0.00,0.00,Doesn't do much in auto but I'd quite efficient in teleop,3/22/2025 9:18pm
,29,5347,Nathaniel,1.00,1.00,0.00,0.00,0.00,0.00,0.00,1.00,1.00,0.00,0.00,0.00,0.00,0.00,Struggled to get coral or dropped the ones it got,3/22/2025 9:18pm
,30,501,Nathaniel,1.00,0.00,0.00,0.00,0.00,0.00,0.00,0.00,0.00,0.00,0.00,1.00,0.00,0.00,Played defence so well it killed 1474,3/22/2025 9:18pm
,31,1071,Nathaniel,1.00,1.00,0.00,0.00,0.00,1.00,0.00,4.00,0.00,0.00,0.00,1.00,0.00,0.00,"Failed to get coral in level 4 for a minute straight, before going and doing level 3",3/22/2025 9:18pm
,32,8708,Nathaniel,1.00,0.00,0.00,0.00,1.00,2.00,0.00,0.00,2.00,0.00,0.00,0.00,0.00,1.00,,3/22/2025 9:18pm
,33,1307,Nathaniel,0.00,0.00,0.00,0.00,0.00,0.00,0.00,0.00,0.00,0.00,0.00,0.00,0.00,0.00,Broke down. ,3/22/2025 9:18pm
,34,4909,Nathaniel,1.00,0.00,0.00,0.00,1.00,1.00,5.00,7.00,3.00,0.00,0.00,0.00,0.00,1.00,There is a chance that they scored more than what is listed here as my vision was blocked by people standing for the first half of the match.,3/22/2025 9:18pm
,35,6895,Nathaniel,1.00,0.00,0.00,0.00,0.00,0.00,2.00,0.00,0.00,0.00,0.00,1.00,0.00,0.00,Not good at scoring,3/22/2025 9:18pm
,36,4925,Nathaniel,1.00,0.00,0.00,0.00,0.00,0.00,0.00,0.00,0.00,0.00,0.00,1.00,0.00,0.00,Coral got stuck in robot and another robot was already playing defense so it went and parked,3/22/2025 9:18pm
,37,2712,Nathaniel,1.00,0.00,0.00,0.00,0.00,0.00,0.00,0.00,0.00,0.00,0.00,1.00,0.00,0.00,Played defence,3/22/2025 9:18pm
,38,7907,Nathaniel,1.00,0.00,0.00,0.00,0.00,0.00,0.00,0.00,0.00,0.00,0.00,1.00,0.00,0.00,Defense bot,3/22/2025 9:18pm
,39,238,Nathaniel,1.00,0.00,0.00,0.00,0.00,0.00,0.00,0.00,1.00,7.00,0.00,1.00,0.00,0.00,Robot can score coral but chose to clear the reef of algae and put them in the processor for both sides to get coop ranking point,3/22/2025 9:18pm
,40,133,Nathaniel,1.00,0.00,0.00,0.00,3.00,0.00,1.00,2.00,5.00,0.00,0.00,1.00,0.00,0.00,"Hi Clayton, I think we might need a new computer.",3/22/2025 9:18pm
,41,2342,Nathaniel,1.00,0.00,0.00,0.00,2.00,0.00,5.00,5.00,2.00,0.00,0.00,0.00,0.00,1.00,"Helped team mate get off of a ball by popping it, also spent time getting the algae off the reef in order to get the RP, its stupidly fast at getting coral from human player to reef and really accurate at level 2 and 3",3/22/2025 9:18pm
,42,1721,Nathaniel,1.00,0.00,0.00,0.00,0.00,0.00,0.00,0.00,0.00,7.00,0.00,1.00,0.00,0.00,Really good at algae in the processor but that's about it,3/22/2025 9:18pm
,43,4546,Nathaniel,1.00,0.00,0.00,0.00,1.00,0.00,0.00,0.00,4.00,0.00,0.00,0.00,0.00,0.00,Spent a quarter of the match trying to align for level 4 but couldn't put it on bc of a piece of coral it dropped moments before.,3/22/2025 9:18pm
,44,2084,Nathaniel,1.00,0.00,0.00,0.00,0.00,0.00,0.00,0.00,1.00,1.00,0.00,1.00,0.00,0.00,Looked like it was having issues with its intake & lift,3/22/2025 9:18pm
,45,6324,Nathaniel,1.00,0.00,0.00,0.00,3.00,0.00,2.00,4.00,0.00,0.00,0.00,0.00,0.00,0.00,Got stuck with teammates who couldn't score as fast hogging the coral station on one side and a good defense bot blocking the other side causing them to be a lot slower,3/22/2025 9:18pm
,46,4034,Nathaniel,1.00,0.00,0.00,0.00,0.00,0.00,0.00,0.00,0.00,0.00,0.00,1.00,0.00,0.00,"Broke down, arm came loose from elevator. got a single algae out of the reef.",3/22/2025 9:18pm
,47,7674,Nathaniel,1.00,0.00,0.00,0.00,0.00,0.00,0.00,1.00,5.00,1.00,0.00,0.00,0.00,0.00,Robot died in the last 20 seconds of the match,3/22/2025 9:18pm
,48,5902,Nathaniel,1.00,0.00,0.00,0.00,0.00,0.00,0.00,0.00,0.00,0.00,1.00,0.00,0.00,1.00,I assume its grabber broke as it went and climbed with a minute left in the match,3/22/2025 9:18pm
,49,1729,Nathaniel,1.00,1.00,0.00,0.00,1.00,0.00,0.00,3.00,0.00,0.00,0.00,0.00,0.00,0.00,Dropped coral into robot after doing fairly well and played defence very well for the last minute of the match,3/22/2025 9:18pm
,50,4034,Nathaniel,1.00,0.00,0.00,0.00,0.00,0.00,0.00,0.00,0.00,0.00,0.00,1.00,0.00,0.00,"Still broken from previous match, played defence.",3/22/2025 9:18pm
,51,8410,Nathaniel,1.00,0.00,0.00,0.00,1.00,0.00,0.00,0.00,8.00,0.00,0.00,1.00,0.00,0.00,,3/22/2025 9:18pm
,52,7314,Nathaniel,0.00,0.00,0.00,0.00,0.00,0.00,0.00,0.00,0.00,0.00,0.00,0.00,0.00,0.00,Didn't show up to match.,3/22/2025 9:18pm
,53,8724,Nathaniel,1.00,1.00,0.00,0.00,0.00,2.00,3.00,5.00,0.00,0.00,0.00,1.00,0.00,0.00,,3/22/2025 9:18pm
,54,8708,Nathaniel,1.00,0.00,0.00,0.00,0.00,0.00,0.00,0.00,6.00,0.00,0.00,1.00,0.00,0.00,,3/22/2025 9:18pm
,55,6324,Nathaniel,1.00,0.00,0.00,0.00,2.00,0.00,3.00,6.00,4.00,0.00,0.00,1.00,0.00,0.00,,3/22/2025 9:18pm
,56,2877,Nathaniel,1.00,0.00,0.00,0.00,3.00,3.00,4.00,4.00,1.00,0.00,2.00,0.00,0.00,1.00,,3/22/2025 9:18pm
,57,319,Nathaniel,1.00,0.00,0.00,0.00,1.00,0.00,0.00,5.00,1.00,2.00,0.00,0.00,0.00,1.00,,3/22/2025 9:18pm
,1,1474,Scott,1.00,0.00,0.00,0.00,0.00,0.00,0.00,0.00,0.00,0.00,0.00,1.00,0.00,0.00,"Auto wrong way, hit red cage. never scored. two defense bots?",3/22/2025 9:20pm
,2,4546,Scott,0.00,0.00,0.00,0.00,0.00,0.00,0.00,0.00,2.00,3.00,0.00,1.00,0.00,0.00,Two algae other alliance processor. Slow coral collect at station.,3/22/2025 9:20pm
,3,8046,Scott,1.00,0.00,0.00,0.00,0.00,0.00,0.00,3.00,6.00,0.00,0.00,0.00,0.00,1.00,Can dislodge algae. ,3/22/2025 9:20pm
,4,3467,Scott,1.00,1.00,0.00,0.00,2.00,0.00,0.00,1.00,5.00,0.00,1.00,1.00,0.00,0.00,"Climb not successful, one corner touching",3/22/2025 9:20pm
,5,2084,Scott,1.00,0.00,0.00,0.00,0.00,0.00,0.00,0.00,2.00,1.00,0.00,0.00,0.00,0.00,poor coral handling. some algae in proc. ,3/22/2025 9:20pm
,6,6690,Scott,1.00,0.00,0.00,0.00,0.00,0.00,0.00,0.00,0.00,2.00,0.00,1.00,0.00,0.00,Only algae. Slow. High cage but arm touched ground.,3/22/2025 9:20pm
,7,8046,Scott,1.00,0.00,0.00,0.00,1.00,0.00,1.00,2.00,8.00,0.00,0.00,0.00,0.00,1.00,Good,3/22/2025 9:20pm
,8,6895,Scott,1.00,0.00,0.00,0.00,0.00,0.00,0.00,0.00,0.00,0.00,0.00,0.00,0.00,1.00,Can't pick from the floor. DON'T PICK! Can not do coral well never scored any points,3/22/2025 9:20pm
,9,7674,jeanette,1.00,0.00,0.00,0.00,0.00,1.00,0.00,0.00,3.00,0.00,0.00,1.00,0.00,0.00,Can't pick from the floor. Scoring is hard takes a few seconds,3/22/2025 9:20pm
,10,4909,jeanette,1.00,0.00,0.00,0.00,0.00,2.00,7.00,2.00,5.00,0.00,0.00,0.00,0.00,1.00,Can dislodge algae. Can't pick from the floor. Fast at scoring but tippy when scoring high,3/22/2025 9:20pm
,11,2342,jeanette,1.00,0.00,0.00,0.00,2.00,0.00,0.00,0.00,5.00,0.00,0.00,0.00,0.00,1.00,Can't pick from the floor. Trying to go fast but kept dropping after getting coral,3/22/2025 9:20pm
,12,133,jeanette,1.00,0.00,0.00,0.00,0.00,0.00,0.00,5.00,5.00,0.00,0.00,0.00,0.00,1.00,Can dislodge algae. Can pick from the floor. Great bot nice moving around,3/22/2025 9:20pm
,13,3597,jeanette,1.00,0.00,0.00,0.00,0.00,0.00,3.00,3.00,0.00,0.00,0.00,0.00,0.00,1.00,Can't pick from the floor. Pushes coral around floor,3/22/2025 9:20pm
,14,2084,jeanette,1.00,0.00,0.00,0.00,0.00,0.00,3.00,0.00,0.00,2.00,0.00,1.00,0.00,0.00,Did not move at the start then did but did not score in Auto scored on low levels,3/22/2025 9:20pm
,15,6895,jeanette,1.00,0.00,0.00,0.00,0.00,0.00,1.00,0.00,0.00,0.00,0.00,0.00,0.00,0.00,Can't pick from the floor. DON'T PICK! DON'T PICK! DON'T PICK! ,3/22/2025 9:20pm
,16,6690,jeanette,1.00,0.00,0.00,0.00,0.00,0.00,0.00,0.00,0.00,0.00,1.00,0.00,0.00,0.00,Can dislodge algae. Can't pick from the floor. Could not get algae in processor tried 3 times ,3/22/2025 9:24pm
,17,131,jeanette,1.00,0.00,0.00,0.00,0.00,0.00,0.00,0.00,7.00,0.00,0.00,1.00,0.00,0.00,"Tried to pick up from floor can not, missed the start not a bad pick",3/22/2025 9:20pm
,18,509,jeanette,1.00,0.00,0.00,0.00,0.00,0.00,0.00,0.00,1.00,0.00,5.00,0.00,0.00,1.00,Only did barge scoring and one on level 4,3/22/2025 9:20pm
,19,1071,jeanette,1.00,0.00,0.00,0.00,0.00,0.00,0.00,0.00,0.00,0.00,0.00,1.00,0.00,0.00,Played defense,3/22/2025 9:20pm
,20,8567,jeanette,0.00,0.00,0.00,0.00,0.00,0.00,0.00,0.00,0.00,0.00,0.00,0.00,0.00,0.00,Broke down. ,3/22/2025 9:20pm
,21,1721,jeanette,1.00,0.00,0.00,0.00,0.00,0.00,0.00,0.00,0.00,0.00,0.00,1.00,0.00,0.00,broke but could play defense,3/22/2025 9:20pm
,22,1247,jeanette,0.00,0.00,0.00,0.00,0.00,0.00,0.00,0.00,0.00,0.00,0.00,1.00,0.00,0.00,Played defense,3/22/2025 9:20pm
,23,509,jeanette,1.00,0.00,0.00,0.00,0.00,1.00,0.00,1.00,1.00,0.00,4.00,0.00,0.00,1.00,Can pick from the floor. Can dislodge algae.,3/22/2025 9:20pm
,24,2084,jeanette,1.00,0.00,0.00,0.00,0.00,0.00,1.00,2.00,0.00,2.00,0.00,0.00,0.00,0.00,Has a hard time receiving coral and missed a lot placing coral,3/22/2025 9:20pm
,25,5347,jeanette,1.00,0.00,0.00,0.00,0.00,2.00,0.00,2.00,2.00,0.00,0.00,1.00,0.00,0.00,"They were ok,  Can't pick from the floor. has a hard time with coral receiving",3/22/2025 9:20pm
,26,4909,jeanette,1.00,0.00,0.00,0.00,2.00,0.00,2.00,5.00,5.00,0.00,0.00,0.00,0.00,1.00,This team is good it only missed 3 coral to place ,3/22/2025 9:20pm
,27,1729,jeanette,1.00,0.00,0.00,0.00,0.00,2.00,0.00,5.00,0.00,0.00,0.00,0.00,0.00,0.00,Well keep tossing the coral on to the reef,3/22/2025 9:20pm
,28,131,jeanette,1.00,0.00,0.00,0.00,0.00,0.00,0.00,2.00,9.00,0.00,0.00,1.00,0.00,0.00,Can pick from the floor. Scored the most on to level,3/22/2025 9:20pm
,29,133,jeanette,1.00,0.00,0.00,0.00,2.00,0.00,0.00,0.00,6.00,0.00,1.00,0.00,0.00,1.00,Had a slow start then got fixed and off Bert went,3/22/2025 9:20pm
,30,8724,jeanette,1.00,1.00,0.00,0.00,0.00,0.00,2.00,6.00,0.00,0.00,0.00,1.00,0.00,0.00,Can't pick from the floor. hard to feed it has one tooth for coral,3/22/2025 9:20pm
,31,2084,jeanette,1.00,0.00,0.00,0.00,0.00,0.00,0.00,0.00,5.00,0.00,0.00,1.00,0.00,0.00,When they slowed down they did better,3/22/2025 9:20pm
,32,8567,jeanette,1.00,0.00,0.00,0.00,0.00,0.00,0.00,3.00,1.00,0.00,0.00,0.00,0.00,0.00,"Not a good one to pair with , they miss alot on the receiving coral.",3/22/2025 9:20pm
,33,1247,jeanette,1.00,0.00,0.00,0.00,0.00,0.00,0.00,0.00,0.00,0.00,0.00,1.00,0.00,0.00,Bad bot as you see from above DON'T PICK! ,3/22/2025 9:20pm
,34,138,jeanette,1.00,0.00,0.00,0.00,2.00,0.00,1.00,5.00,3.00,0.00,0.00,0.00,0.00,1.00,Can dislodge algae. Good team to pick,3/22/2025 9:20pm
,35,8724,jeanette,1.00,0.00,1.00,0.00,0.00,0.00,2.00,6.00,0.00,0.00,0.00,1.00,0.00,0.00,I think better this time around. Can dislodge algae. Can't pick from the floor. ,3/22/2025 9:20pm
,36,6324,jeanette,1.00,0.00,0.00,0.00,2.00,1.00,0.00,0.00,10.00,0.00,0.00,1.00,0.00,0.00,Good job as you see,3/22/2025 9:20pm
,37,2877,jeanette,1.00,0.00,0.00,0.00,1.00,0.00,1.00,6.00,1.00,1.00,1.00,0.00,0.00,1.00,Can dislodge algae. Nice score on level 3,3/22/2025 9:20pm
,38,5902,DAB,1.00,0.00,0.00,0.00,1.00,0.00,0.00,0.00,0.00,3.00,0.00,0.00,0.00,1.00,,3/22/2025 9:20pm
,39,319,DAB,1.00,0.00,0.00,0.00,2.00,0.00,1.00,3.00,2.00,0.00,0.00,0.00,0.00,1.00,,3/22/2025 9:20pm
,40,8410,DAB,1.00,0.00,0.00,0.00,0.00,2.00,0.00,0.00,3.00,0.00,0.00,0.00,0.00,0.00,,3/22/2025 9:20pm
,41,501,DAB,1.00,0.00,0.00,0.00,0.00,0.00,0.00,0.00,0.00,0.00,0.00,1.00,0.00,0.00,Played defense.,3/22/2025 9:20pm
,42,5347,DAB,1.00,0.00,0.00,0.00,1.00,2.00,0.00,2.00,1.00,0.00,0.00,1.00,0.00,0.00,,3/22/2025 9:20pm
,43,4925,DAB,1.00,0.00,0.00,0.00,0.00,2.00,1.00,0.00,0.00,0.00,0.00,1.00,0.00,0.00,,3/22/2025 9:20pm
,44,1247,DAB,1.00,0.00,0.00,0.00,0.00,0.00,0.00,0.00,0.00,0.00,0.00,1.00,0.00,0.00,Played defense,3/22/2025 9:20pm
,45,319,DAB,1.00,0.00,0.00,0.00,1.00,0.00,0.00,0.00,1.00,4.00,0.00,0.00,0.00,1.00,,3/22/2025 9:20pm
,46,1474,DAB,1.00,0.00,0.00,0.00,0.00,0.00,0.00,0.00,0.00,0.00,0.00,1.00,0.00,0.00,Played defense,3/22/2025 9:20pm
,47,6367,DAB,1.00,1.00,0.00,0.00,0.00,0.00,2.00,3.00,0.00,2.00,0.00,0.00,0.00,0.00,,3/22/2025 9:20pm
,48,1721,jeanette,0.00,0.00,0.00,0.00,0.00,0.00,0.00,0.00,0.00,5.00,0.00,1.00,0.00,0.00,Can dislodge algae. ,3/22/2025 9:26pm
,49,319,jeanette,0.00,0.00,0.00,0.00,0.00,0.00,0.00,1.00,3.00,4.00,0.00,0.00,0.00,1.00,Can pick from the floor. Can dislodge algae. ,3/22/2025 9:20pm
,50,6895,jeanette,1.00,0.00,0.00,0.00,0.00,1.00,2.00,0.00,0.00,0.00,0.00,0.00,0.00,1.00,Not much to say if anything,3/22/2025 9:20pm
,51,7907,jeanette,0.00,0.00,0.00,0.00,0.00,0.00,0.00,0.00,0.00,0.00,0.00,0.00,0.00,0.00,DON'T PICK! Broke down. ,3/22/2025 9:20pm
,52,1922,jeanette,1.00,0.00,0.00,0.00,1.00,0.00,0.00,0.00,4.00,0.00,0.00,0.00,0.00,0.00,Can pick from the floor. DON'T PICK! ,3/22/2025 9:20pm
,53,509,jeanette,1.00,0.00,0.00,0.00,0.00,0.00,0.00,0.00,0.00,0.00,0.00,1.00,0.00,0.00,Defense,3/22/2025 9:20pm
,54,1071,jeanette,1.00,0.00,0.00,0.00,0.00,0.00,1.00,0.00,4.00,0.00,0.00,0.00,0.00,0.00,,3/22/2025 9:20pm
,55,2712,jeanette,0.00,0.00,0.00,0.00,0.00,0.00,0.00,0.00,0.00,0.00,0.00,0.00,0.00,1.00,Defense,3/22/2025 9:20pm
,56,6328,jeanette,1.00,0.00,0.00,0.00,3.00,3.00,1.00,3.00,2.00,0.00,3.00,0.00,0.00,1.00,Not a bad match. ,3/22/2025 9:20pm
,57,1922,jeanette,1.00,0.00,0.00,0.00,1.00,0.00,0.00,0.00,4.00,0.00,0.00,1.00,0.00,0.00,,3/22/2025 9:20pm
,1,7907,terri,1.00,0.00,0.00,0.00,0.00,0.00,0.00,0.00,0.00,0.00,0.00,0.00,0.00,0.00,Played defense entire match. no endgame,3/22/2025 9:27pm
,2,1247,terri,0.00,0.00,0.00,0.00,0.00,0.00,0.00,0.00,0.00,0.00,0.00,1.00,0.00,0.00,Not very good. knocked down 1 algae,3/22/2025 9:27pm
,3,2342,terri,1.00,0.00,0.00,0.00,0.00,0.00,1.00,5.00,5.00,0.00,0.00,1.00,0.00,0.00,Can also knock out algae. was fast loading coral,3/22/2025 9:27pm
,4,7674,terri,1.00,0.00,0.00,0.00,0.00,0.00,0.00,0.00,1.00,1.00,0.00,1.00,0.00,0.00,Worked mostly on removing algae,3/22/2025 9:27pm
,5,8567,terri,1.00,0.00,0.00,0.00,0.00,0.00,0.00,0.00,4.00,0.00,0.00,1.00,0.00,0.00,,3/22/2025 9:27pm
,6,4761,terri,1.00,0.00,0.00,0.00,0.00,0.00,0.00,2.00,0.00,0.00,0.00,0.00,0.00,0.00,Did not park. missed about 7 coral attempts on level 2,3/22/2025 9:27pm
,7,8724,terri,1.00,0.00,0.00,0.00,0.00,0.00,1.00,0.00,0.00,0.00,0.00,1.00,0.00,0.00,,3/22/2025 9:27pm
,8,1729,terri,1.00,0.00,0.00,0.00,0.00,1.00,0.00,6.00,0.00,0.00,0.00,0.00,0.00,1.00,,3/22/2025 9:27pm
,9,1721,terri,1.00,0.00,0.00,0.00,0.00,0.00,0.00,0.00,0.00,0.00,0.00,0.00,0.00,0.00,Got stuck up on the reef,3/22/2025 9:27pm
,10,5347,terri,0.00,0.00,0.00,0.00,0.00,0.00,0.00,0.00,0.00,0.00,0.00,0.00,0.00,0.00,Did not park,3/22/2025 9:27pm
,11,131,terri,1.00,0.00,0.00,0.00,1.00,5.00,1.00,0.00,0.00,0.00,0.00,1.00,0.00,0.00,Can pick up coral off the floor. missed several placements on reef,3/22/2025 9:27pm
,12,7314,terri,1.00,0.00,0.00,0.00,0.00,3.00,0.00,0.00,0.00,0.00,0.00,0.00,0.00,0.00,Not very good,3/22/2025 9:27pm
,13,138,terri,1.00,0.00,0.00,0.00,2.00,1.00,0.00,0.00,6.00,0.00,0.00,0.00,0.00,1.00,Also releases algae,3/22/2025 9:27pm
,14,8046,terri,1.00,2.00,0.00,0.00,0.00,0.00,2.00,0.00,5.00,0.00,0.00,0.00,0.00,1.00,"Had trouble with feeder, and with lining up with reef.",3/22/2025 9:27pm
,15,1721,terri,1.00,1.00,0.00,0.00,0.00,0.00,0.00,0.00,0.00,7.00,0.00,0.00,0.00,1.00,Fed algae into its own processor,3/22/2025 9:27pm
,16,6324,terri,1.00,0.00,0.00,0.00,2.00,0.00,0.00,2.00,9.00,0.00,0.00,0.00,0.00,1.00,,3/22/2025 9:27pm
,17,8724,terri,0.00,0.00,0.00,0.00,0.00,0.00,2.00,4.00,0.00,0.00,0.00,1.00,0.00,0.00,Missed 1/2 of the match due to lunch,3/22/2025 9:27pm
,18,7314,terri,1.00,1.00,0.00,0.00,0.00,4.00,0.00,0.00,0.00,0.00,0.00,1.00,0.00,0.00,Not accurate.,3/22/2025 9:27pm
,19,3597,terri,1.00,0.00,0.00,0.00,0.00,0.00,1.00,0.00,5.00,0.00,0.00,1.00,0.00,0.00,A little slow but did a good job with cora,3/22/2025 9:27pm
,20,1729,terri,1.00,0.00,0.00,0.00,0.00,1.00,4.00,1.00,0.00,0.00,0.00,1.00,0.00,0.00,,3/22/2025 9:27pm
,21,8410,terri,1.00,0.00,0.00,0.00,0.00,0.00,0.00,2.00,6.00,0.00,0.00,0.00,0.00,1.00,,3/22/2025 9:27pm
,22,133,terri,1.00,0.00,0.00,0.00,0.00,0.00,0.00,0.00,0.00,2.00,4.00,0.00,0.00,1.00,"Problem with autonomous, got coral stuck in machine",3/22/2025 9:27pm
,23,2877,terri,0.00,0.00,0.00,0.00,3.00,4.00,3.00,0.00,5.00,0.00,0.00,0.00,0.00,1.00,Can dislodge algae. ,3/22/2025 9:27pm
,24,8708,terri,1.00,0.00,0.00,0.00,1.00,1.00,0.00,0.00,2.00,0.00,0.00,0.00,0.00,1.00,Got a coral stuck in machine,3/22/2025 9:27pm
,25,319,terri,1.00,0.00,0.00,0.00,0.00,0.00,0.00,0.00,6.00,0.00,0.00,0.00,0.00,1.00,Missed several high coral ,3/22/2025 9:27pm
,26,6367,terri,1.00,0.00,0.00,0.00,0.00,1.00,2.00,1.00,0.00,3.00,0.00,0.00,0.00,0.00,Slow,3/22/2025 9:27pm
,27,6328,scott,1.00,0.00,0.00,0.00,2.00,3.00,2.00,4.00,1.00,2.00,0.00,0.00,0.00,1.00,,3/22/2025 9:27pm
,28,6690,scott,1.00,0.00,0.00,0.00,0.00,0.00,0.00,0.00,0.00,0.00,7.00,0.00,1.00,0.00,,3/22/2025 9:27pm
,29,509,scott,1.00,0.00,0.00,0.00,0.00,0.00,0.00,1.00,0.00,2.00,4.00,0.00,0.00,1.00,Good with algae,3/22/2025 9:27pm
,30,238,scott,1.00,0.00,0.00,0.00,0.00,0.00,0.00,0.00,8.00,2.00,0.00,0.00,0.00,0.00,,3/22/2025 9:27pm
,31,1721,terri,1.00,0.00,0.00,0.00,0.00,0.00,0.00,0.00,0.00,3.00,0.00,1.00,0.00,0.00,Can dislodge algae. ,3/22/2025 9:27pm
,32,5902,terri,1.00,0.00,0.00,0.00,0.00,0.00,0.00,0.00,0.00,0.00,0.00,0.00,0.00,1.00,Can dislodge algae. ,3/22/2025 9:27pm
,33,7314,terri,1.00,0.00,0.00,0.00,0.00,6.00,0.00,0.00,0.00,1.00,0.00,0.00,0.00,0.00,Did not park. looks like it died near the end.,3/22/2025 9:27pm
,34,8410,terri,1.00,0.00,0.00,0.00,0.00,2.00,0.00,0.00,4.00,0.00,0.00,1.00,0.00,0.00,,3/22/2025 9:27pm
,35,1474,terri,1.00,0.00,0.00,0.00,0.00,0.00,0.00,0.00,0.00,0.00,0.00,1.00,0.00,0.00,Played defense very well. ,3/22/2025 9:27pm
,36,501,terri,1.00,0.00,0.00,0.00,0.00,0.00,0.00,0.00,0.00,0.00,0.00,0.00,0.00,0.00,"Defense bot only in this match
Tipped over during defense",3/22/2025 9:27pm
,37,7674,terri,1.00,0.00,0.00,0.00,0.00,0.00,1.00,0.00,4.00,0.00,0.00,0.00,0.00,0.00,,3/22/2025 9:27pm
,38,1307,terri,1.00,0.00,0.00,0.00,0.00,0.00,0.00,0.00,0.00,0.00,0.00,1.00,0.00,0.00,Did not move much at all.,3/22/2025 9:27pm
,39,4546,terri,1.00,0.00,0.00,0.00,1.00,0.00,1.00,1.00,2.00,0.00,0.00,0.00,0.00,0.00,Heavily defended by 1071. no park,3/22/2025 9:27pm
,40,6367,terri,1.00,0.00,0.00,0.00,0.00,1.00,0.00,0.00,0.00,0.00,0.00,1.00,0.00,0.00,,3/22/2025 9:27pm
,41,7674,terri,1.00,0.00,0.00,0.00,0.00,0.00,0.00,0.00,5.00,2.00,0.00,0.00,0.00,0.00,No park,3/22/2025 9:27pm
,42,1922,terri,1.00,0.00,0.00,0.00,1.00,0.00,0.00,0.00,8.00,0.00,0.00,1.00,0.00,0.00,Can pick from the floor. ,3/22/2025 9:27pm
,43,8567,terri,1.00,0.00,0.00,0.00,1.00,2.00,2.00,0.00,1.00,1.00,0.00,0.00,0.00,0.00,"Can dislodge algae. 
no park.",3/22/2025 9:27pm
,44,238,terri,1.00,0.00,0.00,0.00,0.00,0.00,0.00,0.00,4.00,1.00,0.00,0.00,0.00,0.00,Did not park,3/22/2025 9:27pm
,45,7314,terri,1.00,1.00,0.00,0.00,0.00,7.00,0.00,0.00,0.00,0.00,0.00,1.00,0.00,0.00,,3/22/2025 9:27pm
,46,2877,terri,1.00,0.00,0.00,0.00,3.00,0.00,5.00,4.00,4.00,2.00,0.00,0.00,0.00,1.00,Can dislodge algae. ,3/22/2025 9:27pm
,47,7907,terri,1.00,1.00,0.00,0.00,0.00,0.00,0.00,0.00,0.00,0.00,0.00,1.00,0.00,0.00,"Can dislodge algae. 
was a defense bot for one player station, robots just used the other station for loading",3/22/2025 9:27pm
,48,133,terri,1.00,0.00,0.00,0.00,3.00,0.00,0.00,4.00,9.00,0.00,0.00,0.00,0.00,1.00,A awesome robot!!! Go BERT!,3/22/2025 9:27pm
,49,1071,terri,1.00,0.00,0.00,0.00,0.00,0.00,0.00,0.00,1.00,0.00,0.00,0.00,0.00,0.00,"Became defensive bot. did both player stations. got hit then died on red side.
",3/22/2025 9:27pm
,50,4925,terri,1.00,0.00,0.00,0.00,0.00,0.00,1.00,0.00,0.00,0.00,0.00,0.00,0.00,0.00,Missed majority of shots to the reef. then died. did not park,3/22/2025 9:27pm
,51,2712,terri,0.00,0.00,0.00,0.00,0.00,0.00,0.00,0.00,0.00,0.00,0.00,0.00,0.00,1.00,Played as a defense bot,3/22/2025 9:27pm
,52,4546,terri,1.00,0.00,0.00,1.00,0.00,0.00,0.00,0.00,0.00,1.00,0.00,0.00,0.00,0.00,Heavily defended (rammed) by 1424  ,3/22/2025 9:27pm
,53,4909,terri,1.00,0.00,0.00,0.00,1.00,0.00,4.00,2.00,7.00,0.00,0.00,0.00,0.00,1.00,,3/22/2025 9:27pm
,54,501,terri,1.00,0.00,0.00,0.00,0.00,0.00,0.00,0.00,0.00,0.00,0.00,0.00,0.00,0.00,Became defense bot. human player tossed all coral on floor for team 131 as they can pick up from floor. 501 cleared coral.,3/22/2025 9:27pm
,55,3467,terri,1.00,0.00,0.00,0.00,0.00,0.00,3.00,3.00,5.00,1.00,0.00,0.00,0.00,1.00,Can dislodge algae. ,3/22/2025 9:27pm
,56,4925,terri,1.00,0.00,0.00,0.00,0.00,0.00,0.00,0.00,0.00,0.00,0.00,1.00,0.00,0.00,Defense bot,3/22/2025 9:27pm
,57,6367,terri,1.00,0.00,0.00,0.00,0.00,4.00,0.00,0.00,0.00,0.00,0.00,0.00,0.00,0.00,,3/22/2025 9:28pm
,1,6324,james,1.00,0.00,0.00,0.00,1.00,0.00,1.00,4.00,1.00,0.00,0.00,0.00,0.00,0.00,,3/22/2025 9:30pm
,2,8708,james,1.00,0.00,0.00,0.00,0.00,2.00,0.00,1.00,1.00,0.00,0.00,1.00,0.00,0.00,not a custom to the field,3/22/2025 9:30pm
,3,1721,james,0.00,0.00,0.00,0.00,0.00,0.00,0.00,0.00,0.00,4.00,0.00,0.00,0.00,1.00,Put half in the other side,3/22/2025 9:30pm
,4,1922,james,1.00,0.00,0.00,0.00,0.00,0.00,0.00,0.00,0.00,0.00,0.00,0.00,0.00,1.00,Defense,3/22/2025 9:30pm
,5,5347,james,0.00,0.00,0.00,0.00,0.00,0.00,0.00,0.00,2.00,0.00,0.00,1.00,0.00,0.00,DON'T PICK! ,3/22/2025 9:30pm
,6,4925,james,0.00,0.00,0.00,0.00,0.00,0.00,0.00,0.00,0.00,0.00,0.00,1.00,0.00,0.00,Defense,3/22/2025 9:30pm
,7,6324,james,1.00,0.00,0.00,0.00,1.00,0.00,3.00,2.00,2.00,0.00,0.00,1.00,0.00,0.00,good,3/22/2025 9:30pm
,8,509,james,1.00,0.00,0.00,0.00,0.00,0.00,0.00,0.00,0.00,0.00,1.00,1.00,0.00,0.00,MB,3/22/2025 9:30pm
,9,4546,james,1.00,0.00,0.00,0.00,1.00,0.00,0.00,0.00,5.00,0.00,0.00,0.00,0.00,0.00, Good,3/22/2025 9:30pm
,10,238,james,1.00,0.00,0.00,0.00,0.00,0.00,0.00,1.00,1.00,0.00,0.00,1.00,0.00,0.00,Can dislodge algae. ,3/22/2025 9:30pm
,11,1307,james,1.00,0.00,0.00,0.00,0.00,0.00,0.00,0.00,0.00,0.00,0.00,1.00,0.00,0.00,DON'T PICK! ,3/22/2025 9:30pm
,12,7907,james,1.00,0.00,0.00,0.00,0.00,0.00,0.00,0.00,0.00,0.00,0.00,0.00,0.00,0.00,,3/22/2025 9:30pm
,13,319,james,1.00,0.00,0.00,0.00,1.00,0.00,3.00,2.00,2.00,0.00,0.00,0.00,0.00,1.00,Can dislodge algae.  good,3/22/2025 9:30pm
,14,2877,james,1.00,0.00,0.00,0.00,2.00,0.00,2.00,2.00,2.00,0.00,0.00,0.00,0.00,1.00,Good,3/22/2025 9:30pm
,15,4034,james,1.00,0.00,0.00,0.00,0.00,0.00,0.00,0.00,0.00,0.00,0.00,1.00,0.00,0.00,,3/22/2025 9:30pm
,16,133,james,1.00,0.00,0.00,0.00,3.00,0.00,4.00,5.00,1.00,2.00,0.00,0.00,0.00,1.00,Good,3/22/2025 9:30pm
,17,319,joyce,0.00,0.00,0.00,0.00,0.00,0.00,0.00,0.00,0.00,4.00,0.00,0.00,0.00,1.00,Can dislodge algae. ,3/22/2025 9:30pm
,18,6328,joyce,0.00,0.00,0.00,0.00,3.00,2.00,3.00,4.00,4.00,0.00,0.00,0.00,0.00,1.00,would be a great choice!,3/22/2025 9:30pm
,19,2084,Rachel,1.00,0.00,0.00,0.00,0.00,1.00,1.00,0.00,0.00,2.00,0.00,0.00,0.00,0.00,3/10 took forever to line up the coral then missed multiple times,3/22/2025 9:30pm
,20,4761,Rachel,1.00,0.00,0.00,0.00,0.00,2.00,0.00,4.00,0.00,0.00,0.00,0.00,0.00,0.00,4/10 slow. but got some stuff done. ,3/22/2025 9:30pm
,21,6895,Rachel,1.00,0.00,0.00,0.00,0.00,0.00,1.00,0.00,0.00,0.00,0.00,0.00,1.00,0.00,2/10 slow. shaky. doesn't do much,3/22/2025 9:30pm
,22,138,Rachel,1.00,0.00,0.00,0.00,0.00,0.00,0.00,0.00,5.00,0.00,0.00,0.00,0.00,0.00,6/10 actually kinda constant at level 4. but got stuck a lot of the match on an algae,3/22/2025 9:30pm
,23,4034,Rachel,1.00,0.00,0.00,0.00,0.00,0.00,0.00,0.00,0.00,0.00,0.00,1.00,0.00,0.00,1/10 really bad. slow and climber doesn't work,3/22/2025 9:30pm
,24,8567,Rachel,1.00,0.00,0.00,0.00,0.00,0.00,0.00,0.00,5.00,0.00,0.00,1.00,0.00,0.00,4/5 overall bad but could score high,3/22/2025 9:30pm
,25,1474,Rachel,1.00,0.00,0.00,0.00,0.00,0.00,0.00,0.00,0.00,0.00,0.00,1.00,0.00,0.00,Defence bot. got a pinning penalty. Bad at defence,3/22/2025 9:30pm
,26,2712,Rachel,1.00,0.00,0.00,0.00,0.00,0.00,0.00,0.00,0.00,0.00,0.00,0.00,0.00,1.00,Defence bot. started defending the processor. started climbing at 50 seconds,3/22/2025 9:30pm
,27,4761,Rachel,1.00,0.00,0.00,0.00,0.00,4.00,2.00,0.00,0.00,0.00,0.00,1.00,0.00,0.00,3/10 not consistent level 1,3/22/2025 9:30pm
,28,4034,Rachel,1.00,0.00,0.00,0.00,0.00,0.00,0.00,0.00,0.00,0.00,0.00,0.00,0.00,0.00,1/10 Spent the whole time chasing an algae around. then died in front of the reef,3/22/2025 9:30pm
,29,2877,Rachel,1.00,0.00,0.00,0.00,3.00,0.00,4.00,4.00,3.00,2.00,0.00,0.00,0.00,1.00,8/10 really good a coral. got the ranking point by themselves,3/22/2025 9:30pm
,30,4909,Rachel,1.00,0.00,0.00,0.00,2.00,0.00,0.00,0.00,8.00,0.00,0.00,0.00,0.00,1.00,8/10 consistant. but not the best I've seen,3/22/2025 9:30pm
,31,1922,Rachel,1.00,0.00,0.00,0.00,0.00,1.00,0.00,0.00,6.00,0.00,0.00,0.00,0.00,0.00,7/10 sometimes hit the coral out of their own arm with the reef,3/22/2025 9:30pm
,32,2342,Ian,0.00,0.00,0.00,0.00,2.00,0.00,1.00,1.00,8.00,0.00,0.00,0.00,0.00,1.00,,3/22/2025 9:30pm
,33,4546,Ian,0.00,0.00,0.00,0.00,1.00,0.00,1.00,0.00,1.00,2.00,0.00,0.00,0.00,0.00,"Can dislodge algae, but it cannot pickup dislodged algae.",3/22/2025 9:30pm
,34,3467,Ian,0.00,0.00,0.00,0.00,1.00,0.00,4.00,1.00,4.00,1.00,4.00,0.00,0.00,0.00,Can dislodge algae. ,3/22/2025 9:30pm
,35,509,Ian,0.00,0.00,0.00,0.00,0.00,0.00,0.00,0.00,1.00,0.00,5.00,0.00,0.00,1.00,Can dislodge algae. Can pick algae from the floor. Only moved forward during auto.,3/22/2025 9:30pm
,36,5347,Ian,0.00,0.00,0.00,0.00,1.00,0.00,0.00,1.00,1.00,0.00,0.00,0.00,0.00,0.00,Moved relatively slowly in teleop. Struggled with with taking in coral from the station. Likely can't pick coral from the floor. ,3/22/2025 9:30pm
,37,1247,Ian,0.00,0.00,0.00,0.00,0.00,0.00,0.00,0.00,0.00,0.00,0.00,0.00,0.00,1.00,Only moved slightly back and forth during auto. Missed getting coral from station several times. Took around 20 seconds to climb.,3/22/2025 9:30pm
,38,8708,Ian,0.00,0.00,0.00,0.00,1.00,2.00,3.00,0.00,4.00,0.00,0.00,0.00,0.00,0.00,Dislodged two algae in auto.,3/22/2025 9:30pm
,39,4761,Ian,0.00,0.00,0.00,0.00,0.00,3.00,1.00,1.00,0.00,0.00,0.00,0.00,0.00,0.00,Moved forward in auto but nothing else. Can dislodge algae. ,3/22/2025 9:30pm
,40,6328,Ian,0.00,0.00,0.00,0.00,3.00,1.00,5.00,3.00,2.00,0.00,3.00,1.00,0.00,0.00,Can dislodge algae. ,3/22/2025 9:30pm
,41,8046,Ian,0.00,0.00,0.00,0.00,1.00,0.00,4.00,2.00,2.00,0.00,0.00,0.00,0.00,1.00,Can dislodge algae. ,3/22/2025 9:30pm
,42,138,Ian,0.00,0.00,0.00,0.00,2.00,1.00,2.00,5.00,4.00,0.00,0.00,0.00,0.00,1.00,Was going for a three coral in auto.,3/22/2025 9:30pm
,43,5902,Ian,0.00,0.00,0.00,0.00,0.00,0.00,0.00,0.00,0.00,0.00,0.00,0.00,0.00,1.00,Only moved forward in auto. Can dislodge algae. Got in position to climb with 1:20 time left and stayed until 15 seconds left when it climbed.,3/22/2025 9:30pm
,44,6690,Ian,0.00,0.00,0.00,0.00,0.00,0.00,0.00,0.00,0.00,4.00,2.00,0.00,0.00,0.00,"Can dislodge algae. Only picked up and dislodged algae, no coral.",3/22/2025 9:30pm
,45,131,Ian,0.00,0.00,0.00,0.00,0.00,0.00,0.00,0.00,6.00,0.00,0.00,0.00,0.00,0.00,Can pick from the floor. Might not be able to climb.,3/22/2025 9:30pm
,46,6328,Ian,0.00,0.00,0.00,0.00,3.00,2.00,3.00,2.00,5.00,2.00,0.00,0.00,0.00,1.00,Very fast cycles. Can dislodge algae. Can shoot coral at any level of the reef.,3/22/2025 9:31pm
,47,8410,Ian,0.00,0.00,0.00,0.00,0.00,0.00,0.00,0.00,6.00,0.00,0.00,0.00,0.00,1.00,"Takes around 10-15 seconds to align itself for climbing. Lined itself up for a level four coral in auto, but did not shoot.",3/22/2025 9:31pm
,48,3467,Ian,0.00,0.00,0.00,0.00,1.00,0.00,0.00,1.00,5.00,0.00,3.00,0.00,0.00,1.00,Can dislodge algae. ,3/22/2025 9:31pm
,49,8046,Ian,0.00,0.00,0.00,0.00,1.00,5.00,1.00,0.00,2.00,0.00,0.00,1.00,0.00,0.00,Can dislodge algae. ,3/22/2025 9:31pm
,50,2342,Ian,0.00,0.00,0.00,0.00,1.00,0.00,1.00,3.00,5.00,0.00,0.00,0.00,0.00,0.00,Exclusively coral for this round.,3/22/2025 9:31pm
,51,2084,Ian,0.00,0.00,0.00,0.00,0.00,0.00,0.00,1.00,1.00,2.00,1.00,0.00,0.00,0.00,Only moved forward during auto. Misses coral somewhat often. Can take algae from the reef.,3/22/2025 9:31pm
,52,238,Ian,0.00,1.00,0.00,0.00,0.00,0.00,0.00,0.00,7.00,1.00,0.00,0.00,0.00,0.00,Can take algae from the reef.,3/22/2025 9:31pm
,53,1307,Ian,0.00,0.00,0.00,0.00,0.00,0.00,0.00,0.00,6.00,0.00,0.00,0.00,0.00,0.00,Only moved from the starting line during auto. No algae used. Can't pick from the floor. ,3/22/2025 9:31pm
,54,1247,Ian,0.00,0.00,0.00,0.00,0.00,0.00,0.00,0.00,0.00,0.00,0.00,0.00,0.00,1.00,"Only moved back and forth slightly during auto. Played defense in teleop until it stopped moving for about 20 seconds, tried to score a level 4 coral but missed, and then climbed which took around 20 seconds.",3/22/2025 9:31pm
,55,6895,Ian,0.00,0.00,0.00,0.00,0.00,0.00,1.00,0.00,0.00,0.00,0.00,0.00,1.00,0.00,Moved during auto. Played defense for the majority of the match.,3/22/2025 9:31pm
,56,3597,Ian,0.00,0.00,0.00,0.00,0.00,0.00,2.00,1.00,4.00,0.00,0.00,1.00,0.00,0.00,Lined itself up for a level 4 coral but did not shoot it (in auto). Tried to climb deep cage.,3/22/2025 9:31pm
,57,4034,james,1.00,0.00,0.00,0.00,0.00,0.00,0.00,0.00,0.00,0.00,0.00,1.00,0.00,0.00,Can dislodge algae. Can dislodge algae. Can dislodge algae. ,3/22/2025 9:31pm
,1,2877,logan,1.00,0.00,0.00,0.00,3.00,5.00,2.00,0.00,0.00,0.00,0.00,0.00,0.00,1.00,,3/22/2025 9:33pm
,2,8410,logan,1.00,1.00,0.00,0.00,0.00,0.00,3.00,1.00,4.00,0.00,0.00,0.00,0.00,1.00,,3/22/2025 9:33pm
,3,509,logan,1.00,0.00,0.00,0.00,0.00,0.00,0.00,1.00,0.00,0.00,1.00,1.00,0.00,0.00,,3/22/2025 9:33pm
,4,1729,logan,1.00,0.00,0.00,0.00,1.00,0.00,0.00,8.00,0.00,0.00,0.00,1.00,0.00,0.00,,3/22/2025 9:33pm
,5,7314,logan,1.00,0.00,0.00,0.00,0.00,7.00,0.00,0.00,0.00,0.00,0.00,1.00,0.00,0.00,,3/22/2025 9:33pm
,6,6367,logan,1.00,1.00,0.00,0.00,0.00,1.00,1.00,3.00,0.00,2.00,0.00,1.00,0.00,0.00,,3/22/2025 9:33pm
,7,1307,logan,1.00,0.00,0.00,0.00,0.00,0.00,0.00,0.00,0.00,0.00,0.00,1.00,0.00,0.00,Defense,3/22/2025 9:33pm
,8,2712,logan,1.00,0.00,0.00,0.00,0.00,0.00,0.00,0.00,0.00,0.00,0.00,1.00,0.00,0.00,Slow Defense,3/22/2025 9:33pm
,9,5902,logan,1.00,0.00,0.00,0.00,0.00,0.00,0.00,0.00,0.00,0.00,4.00,0.00,0.00,1.00,Very sketchy arm gets caught in reef in auto,3/22/2025 9:33pm
,10,6367,logan,1.00,1.00,0.00,0.00,0.00,3.00,3.00,0.00,0.00,2.00,0.00,0.00,0.00,0.00,,3/22/2025 9:33pm
,11,1922,logan,1.00,0.00,0.00,0.00,0.00,0.00,0.00,0.00,2.00,0.00,0.00,1.00,0.00,0.00,Elevator got stuck doing defense,3/22/2025 9:33pm
,12,6690,logan,1.00,0.00,0.00,0.00,0.00,0.00,0.00,0.00,0.00,0.00,6.00,0.00,1.00,0.00,,3/22/2025 9:33pm
,13,1247,logan,1.00,0.00,0.00,0.00,0.00,0.00,0.00,0.00,0.00,0.00,0.00,0.00,0.00,0.00,They put a dead battery in their robot,3/22/2025 9:33pm
,14,4546,logan,1.00,0.00,0.00,0.00,1.00,0.00,0.00,1.00,0.00,3.00,0.00,1.00,0.00,0.00,,3/22/2025 9:33pm
,15,4909,logan,1.00,0.00,0.00,0.00,1.00,0.00,3.00,4.00,4.00,0.00,0.00,0.00,0.00,1.00,,3/22/2025 9:33pm
,16,4925,logan,1.00,0.00,0.00,0.00,0.00,0.00,0.00,0.00,0.00,0.00,0.00,1.00,0.00,0.00,Did nothing,3/22/2025 9:33pm
,17,2712,logan,1.00,0.00,0.00,0.00,0.00,0.00,0.00,0.00,0.00,0.00,0.00,1.00,0.00,0.00,Defense,3/22/2025 9:33pm
,18,501,logan,1.00,0.00,0.00,0.00,0.00,0.00,0.00,0.00,0.00,0.00,0.00,1.00,0.00,0.00,Defense,3/22/2025 9:33pm
,19,2342,logan,1.00,0.00,0.00,0.00,1.00,0.00,3.00,1.00,2.00,0.00,0.00,1.00,0.00,0.00,,3/22/2025 9:33pm
,20,8708,logan,1.00,0.00,0.00,0.00,1.00,0.00,0.00,0.00,2.00,0.00,0.00,0.00,0.00,1.00,,3/22/2025 9:33pm
,21,6324,logan,1.00,0.00,0.00,0.00,3.00,1.00,0.00,2.00,6.00,0.00,0.00,0.00,0.00,1.00,,3/22/2025 9:33pm
,22,4925,logan,1.00,0.00,0.00,0.00,0.00,0.00,0.00,0.00,0.00,0.00,0.00,0.00,0.00,0.00,Defense very tippy,3/22/2025 9:33pm
,23,3467,logan,1.00,0.00,0.00,0.00,1.00,0.00,1.00,5.00,6.00,2.00,0.00,0.00,0.00,1.00,,3/22/2025 9:33pm
,24,7907,logan,1.00,0.00,0.00,0.00,0.00,0.00,0.00,0.00,0.00,0.00,0.00,1.00,0.00,0.00,Defense,3/22/2025 9:33pm
,25,1307,logan,1.00,0.00,0.00,0.00,0.00,0.00,0.00,0.00,2.00,0.00,0.00,1.00,0.00,0.00,Got coral stuck in their robot,3/22/2025 9:33pm
,26,1922,james,1.00,0.00,0.00,0.00,1.00,0.00,0.00,4.00,3.00,0.00,0.00,1.00,0.00,0.00,,3/22/2025 9:33pm
,27,3467,logan,1.00,0.00,0.00,0.00,0.00,0.00,4.00,4.00,6.00,0.00,0.00,0.00,0.00,1.00,,3/22/2025 9:33pm
,28,138,logan,1.00,0.00,0.00,0.00,2.00,0.00,5.00,4.00,0.00,0.00,0.00,0.00,0.00,1.00,,3/22/2025 9:33pm
,29,6895,logan,1.00,0.00,0.00,0.00,0.00,3.00,0.00,0.00,0.00,0.00,0.00,1.00,0.00,0.00,,3/22/2025 9:33pm
,30,1474,logan,1.00,0.00,0.00,0.00,0.00,0.00,0.00,0.00,0.00,0.00,0.00,0.00,0.00,0.00,Played defense on own side then they died to 501,3/22/2025 9:33pm
,31,4761,logan,1.00,0.00,0.00,0.00,0.00,2.00,1.00,5.00,0.00,0.00,0.00,0.00,0.00,0.00,,3/22/2025 9:33pm
,32,1729,logan,1.00,0.00,0.00,0.00,0.00,6.00,1.00,3.00,0.00,0.00,0.00,0.00,0.00,1.00,,3/22/2025 9:33pm
,33,6328,logan,1.00,0.00,0.00,0.00,3.00,5.00,5.00,5.00,1.00,0.00,0.00,0.00,0.00,1.00,,3/22/2025 9:33pm
,34,8046,logan,1.00,0.00,0.00,0.00,1.00,0.00,0.00,5.00,5.00,0.00,0.00,1.00,0.00,0.00,,3/22/2025 9:33pm
,35,1922,logan,1.00,0.00,0.00,0.00,1.00,0.00,0.00,0.00,4.00,0.00,0.00,1.00,0.00,0.00,,3/22/2025 9:33pm
,36,2084,logan,0.00,0.00,0.00,0.00,0.00,0.00,0.00,2.00,1.00,0.00,0.00,1.00,0.00,0.00,,3/22/2025 9:33pm
,37,6690,logan,1.00,0.00,0.00,0.00,0.00,0.00,0.00,0.00,0.00,0.00,3.00,0.00,0.00,0.00,They ate the barge,3/22/2025 9:33pm
,38,1721,logan,1.00,0.00,0.00,0.00,0.00,0.00,0.00,0.00,0.00,8.00,0.00,1.00,0.00,0.00,,3/22/2025 9:33pm
,39,8567,logan,1.00,0.00,0.00,0.00,0.00,2.00,3.00,2.00,2.00,0.00,0.00,0.00,0.00,0.00,,3/22/2025 9:33pm
,40,131,logan,1.00,1.00,0.00,0.00,1.00,2.00,1.00,2.00,1.00,0.00,0.00,1.00,0.00,0.00,,3/22/2025 9:33pm
,41,3597,logan,1.00,0.00,0.00,0.00,0.00,0.00,0.00,2.00,0.00,2.00,0.00,0.00,0.00,1.00,,3/22/2025 9:33pm
,42,509,logan,1.00,0.00,0.00,0.00,0.00,0.00,0.00,0.00,1.00,3.00,4.00,1.00,0.00,0.00,,3/22/2025 9:33pm
,43,1071,logan,1.00,0.00,0.00,0.00,1.00,1.00,0.00,0.00,9.00,0.00,0.00,0.00,0.00,0.00,,3/22/2025 9:33pm
,44,133,logan,1.00,0.00,0.00,0.00,3.00,0.00,5.00,3.00,3.00,0.00,1.00,0.00,0.00,1.00,,3/22/2025 9:33pm
,45,8708,logan,1.00,0.00,0.00,0.00,1.00,1.00,0.00,0.00,2.00,0.00,0.00,1.00,0.00,0.00,,3/22/2025 9:33pm
,46,8724,logan,1.00,0.00,0.00,0.00,0.00,0.00,3.00,3.00,0.00,0.00,0.00,0.00,0.00,0.00,,3/22/2025 9:33pm
,47,8567,logan,1.00,0.00,1.00,0.00,0.00,0.00,0.00,1.00,3.00,1.00,0.00,1.00,0.00,0.00,,3/22/2025 9:33pm
,48,1247,logan,1.00,0.00,0.00,0.00,0.00,0.00,0.00,0.00,0.00,0.00,0.00,1.00,0.00,0.00,,3/22/2025 9:33pm
,49,5347,logan,1.00,0.00,0.00,0.00,1.00,0.00,0.00,0.00,2.00,0.00,0.00,0.00,0.00,0.00,,3/22/2025 9:33pm
,50,6328,logan,1.00,0.00,0.00,0.00,3.00,5.00,4.00,2.00,1.00,0.00,0.00,0.00,0.00,1.00,,3/22/2025 9:33pm
,51,138,logan,1.00,0.00,0.00,0.00,1.00,0.00,0.00,0.00,4.00,0.00,0.00,0.00,0.00,1.00,,3/22/2025 9:33pm
,52,1474,logan,1.00,0.00,0.00,0.00,0.00,0.00,0.00,0.00,0.00,0.00,0.00,0.00,0.00,0.00,Defense,3/22/2025 9:33pm
,53,6690,logan,1.00,0.00,0.00,0.00,0.00,0.00,0.00,0.00,0.00,2.00,3.00,0.00,1.00,0.00,They love algae and I mean they really like it ,3/22/2025 9:33pm
,54,1721,logan,1.00,0.00,0.00,0.00,0.00,0.00,0.00,0.00,0.00,0.00,0.00,0.00,0.00,1.00,Defense but confused on how to do it like to stretch in front of the processor,3/22/2025 9:33pm
,55,8567,logan,1.00,0.00,1.00,0.00,0.00,0.00,1.00,0.00,2.00,0.00,0.00,0.00,0.00,0.00,,3/22/2025 9:33pm
,56,7674,logan,1.00,0.00,0.00,0.00,0.00,1.00,1.00,0.00,1.00,0.00,0.00,1.00,0.00,0.00,,3/22/2025 9:33pm
,57,133,logan,1.00,0.00,0.00,0.00,3.00,0.00,0.00,4.00,9.00,0.00,0.00,0.00,0.00,1.00,,3/22/2025 9:33pm
,1,5902,Zander,1.00,0.00,0.00,0.00,0.00,0.00,0.00,0.00,0.00,0.00,1.00,0.00,0.00,0.00,Got stuck on the reef in auto. spent half thr match trying to get untangled. ,3/22/2025 9:35pm
,2,4034,Zander,1.00,0.00,0.00,0.00,0.00,0.00,0.00,0.00,0.00,0.00,0.00,1.00,0.00,0.00,"Looks like they can only do algae? but even then, they are scared to touch the algae",3/22/2025 9:35pm
,3,6328,Zander,1.00,0.00,0.00,0.00,1.00,0.00,3.00,2.00,1.00,1.00,0.00,0.00,0.00,0.00,Too much power in the scoring mechanism. a lot of pieces bounce off and dont get scored. ,3/22/2025 9:35pm
,4,501,Zander,1.00,0.00,0.00,0.00,0.00,0.00,0.00,0.00,0.00,2.00,1.00,1.00,0.00,0.00,Very good at removing algae from thr reef. ,3/22/2025 9:35pm
,5,238,Zander,1.00,0.00,0.00,0.00,0.00,0.00,0.00,2.00,2.00,1.00,0.00,1.00,0.00,0.00,,3/22/2025 9:35pm
,6,3597,Zander,1.00,0.00,0.00,0.00,0.00,0.00,0.00,0.00,2.00,0.00,0.00,0.00,0.00,0.00,Started pretty good but stopped moving about a minute in,3/22/2025 9:35pm
,7,133,Zander,1.00,0.00,0.00,0.00,1.00,0.00,2.00,1.00,4.00,2.00,0.00,0.00,0.00,1.00,Wow!,3/22/2025 9:35pm
,8,1474,Zander,0.00,0.00,0.00,0.00,0.00,0.00,0.00,0.00,0.00,0.00,0.00,1.00,0.00,0.00,Went the wrong way in auto and stayed in thr blue cage area for half the match and ended with a coral stuck in their robot before they could score anything  ,3/22/2025 9:35pm
,9,501,Zander,1.00,0.00,0.00,0.00,0.00,0.00,0.00,0.00,0.00,0.00,0.00,0.00,0.00,0.00,,3/22/2025 9:35pm
,10,2877,Zander,0.00,0.00,0.00,0.00,2.00,0.00,0.00,2.00,3.00,1.00,0.00,0.00,0.00,1.00,,3/22/2025 9:35pm
,11,8724,Zander,1.00,0.00,0.00,0.00,0.00,0.00,1.00,5.00,0.00,0.00,0.00,1.00,0.00,0.00,,3/22/2025 9:35pm
,12,4925,Zander,0.00,0.00,0.00,0.00,0.00,0.00,0.00,0.00,0.00,0.00,0.00,0.00,0.00,0.00,Did not show up for match,3/22/2025 9:35pm
,13,8567,Zander,1.00,1.00,0.00,0.00,0.00,0.00,0.00,0.00,4.00,0.00,0.00,1.00,0.00,0.00,,3/22/2025 9:35pm
,14,8708,Zander,0.00,0.00,0.00,0.00,1.00,1.00,4.00,0.00,2.00,0.00,0.00,0.00,0.00,0.00,,3/22/2025 9:35pm
,15,238,Zander,1.00,1.00,0.00,0.00,0.00,0.00,1.00,3.00,0.00,3.00,0.00,0.00,0.00,0.00,,3/22/2025 9:35pm
,16,1922,Zander,0.00,0.00,0.00,0.00,0.00,0.00,0.00,2.00,2.00,0.00,0.00,0.00,0.00,0.00,Accidentally descored at least one coral and continually missed coral placements,3/22/2025 9:35pm
,17,138,RaCHEL,1.00,0.00,0.00,0.00,1.00,2.00,0.00,4.00,5.00,0.00,0.00,0.00,0.00,1.00,7\10 kinda slow and wohkd miss some coral but overall good,3/22/2025 9:35pm
,18,1247,RaCHEL,0.00,0.00,0.00,0.00,0.00,0.00,0.00,0.00,0.00,0.00,0.00,0.00,0.00,0.00,Can dislodge algae. 2/10 moved. djslodged akgaw. thats it,3/22/2025 9:35pm
,19,3467,RaCHEL,0.00,0.00,0.00,0.00,1.00,0.00,0.00,2.00,1.00,2.00,0.00,1.00,0.00,0.00,,3/22/2025 9:35pm
,20,5347,Zander,1.00,0.00,0.00,0.00,0.00,0.00,0.00,0.00,1.00,0.00,0.00,1.00,0.00,0.00,Got a coral stuck inside and couldnt do anything else,3/22/2025 9:35pm
,21,131,Zander,0.00,0.00,0.00,0.00,0.00,0.00,0.00,0.00,0.00,0.00,0.00,0.00,0.00,0.00,Got stuck on the cage in auto and then died in front of the reef almost immediately,3/22/2025 9:35pm
,22,5902,Zander,0.00,0.00,0.00,0.00,0.00,0.00,0.00,0.00,0.00,2.00,0.00,0.00,0.00,1.00,,3/22/2025 9:35pm
,23,7314,Zander,0.00,1.00,0.00,0.00,0.00,6.00,0.00,0.00,0.00,0.00,0.00,0.00,0.00,0.00,Decided to sit in front of the human player station instead of going to park. ,3/22/2025 9:35pm
,24,8724,Zander,1.00,1.00,0.00,0.00,0.00,0.00,2.00,4.00,0.00,1.00,0.00,0.00,0.00,0.00,intake system is hard for the human player to put the coral on. seems to take two attempts every time,3/22/2025 9:35pm
,25,7674,Zander,1.00,0.00,0.00,0.00,0.00,0.00,0.00,0.00,6.00,0.00,0.00,1.00,0.00,0.00,,3/22/2025 9:35pm
,26,1071,Zander,1.00,0.00,0.00,0.00,0.00,0.00,0.00,0.00,1.00,1.00,0.00,0.00,0.00,0.00,,3/22/2025 9:35pm
,27,4546,Zander,1.00,0.00,0.00,0.00,1.00,0.00,1.00,2.00,2.00,0.00,0.00,0.00,0.00,0.00,,3/22/2025 9:35pm
,28,8046,Zander,1.00,0.00,0.00,0.00,0.00,0.00,0.00,1.00,6.00,0.00,0.00,0.00,0.00,1.00,Good scorer,3/22/2025 9:35pm
,29,7907,Zander,1.00,0.00,0.00,0.00,0.00,0.00,0.00,0.00,0.00,0.00,0.00,0.00,0.00,0.00,Defense bot,3/22/2025 9:35pm
,30,4925,Zander,1.00,0.00,0.00,0.00,0.00,0.00,0.00,0.00,0.00,0.00,0.00,1.00,0.00,0.00,They have a coral preloaded in but cant do anything with it,3/22/2025 9:35pm
,31,7674,Zander,1.00,0.00,0.00,0.00,0.00,0.00,0.00,0.00,1.00,1.00,0.00,0.00,0.00,0.00,Spent most of their effort knocking algae off the reef,3/22/2025 9:35pm
,32,6367,Zander,1.00,1.00,0.00,0.00,0.00,0.00,4.00,0.00,0.00,2.00,0.00,0.00,0.00,0.00,,3/22/2025 9:35pm
,33,2712,Zander,1.00,0.00,0.00,0.00,0.00,0.00,0.00,0.00,0.00,0.00,0.00,0.00,0.00,1.00,Straight to defense,3/22/2025 9:35pm
,34,319,Zander,1.00,0.00,0.00,0.00,1.00,0.00,0.00,4.00,0.00,0.00,0.00,0.00,0.00,0.00,,3/22/2025 9:35pm
,35,3597,Zander,0.00,0.00,0.00,0.00,0.00,0.00,0.00,4.00,1.00,0.00,0.00,1.00,0.00,0.00,,3/22/2025 9:35pm
,36,4034,Zander,1.00,0.00,0.00,0.00,0.00,0.00,0.00,0.00,0.00,0.00,0.00,0.00,0.00,0.00,Very slow at getting algae off the reef,3/22/2025 9:35pm
,37,2342,Zander,1.00,0.00,0.00,0.00,2.00,0.00,0.00,2.00,5.00,0.00,0.00,1.00,0.00,0.00,,3/22/2025 9:35pm
,38,1729,Zander,1.00,0.00,0.00,0.00,0.00,0.00,3.00,1.00,0.00,0.00,0.00,0.00,0.00,1.00,,3/22/2025 9:35pm
,39,1071,Zander,1.00,0.00,0.00,0.00,0.00,0.00,0.00,0.00,0.00,0.00,0.00,0.00,0.00,0.00,defense bot. lost a churro? mightve been an important piece,3/22/2025 9:35pm
,40,7314,Zander,1.00,1.00,0.00,0.00,0.00,7.00,0.00,0.00,0.00,0.00,0.00,1.00,0.00,0.00,reliable level 1 scorer when they take the time to line it up. but this makes it kinda slow. ,3/22/2025 9:35pm
,41,4909,Zander,1.00,0.00,0.00,0.00,3.00,0.00,2.00,2.00,4.00,0.00,0.00,0.00,0.00,1.00,,3/22/2025 9:35pm
,42,3467,Zander,1.00,0.00,0.00,0.00,2.00,0.00,5.00,3.00,2.00,0.00,0.00,0.00,0.00,0.00,very fast. had a little trouble with level 4 at the end. couldve scored more,3/22/2025 9:35pm
,43,6895,Zander,1.00,0.00,0.00,0.00,0.00,0.00,2.00,0.00,0.00,0.00,0.00,0.00,1.00,0.00,Very slow. takes a lot of time to load the piece into the robot,3/22/2025 9:35pm
,44,1729,Zander,0.00,0.00,0.00,0.00,0.00,4.00,0.00,3.00,1.00,0.00,0.00,0.00,0.00,1.00,Pretty decent scoring all around,3/22/2025 9:35pm
,45,2712,Zander,1.00,0.00,0.00,0.00,0.00,0.00,0.00,0.00,0.00,0.00,0.00,1.00,0.00,0.00,Defense,3/22/2025 9:35pm
,46,4761,Zander,1.00,1.00,0.00,0.00,0.00,4.00,0.00,0.00,0.00,0.00,0.00,1.00,0.00,0.00,Can pickup from floor. a lot of their attempts to score fall out. looks like they can score level 2 but it always fell off,3/22/2025 9:35pm
,47,1307,Zander,1.00,0.00,0.00,0.00,0.00,0.00,0.00,0.00,0.00,0.00,0.00,1.00,0.00,0.00,Had some sort of issue and went to play defense. ,3/22/2025 9:35pm
,48,3597,Zander,1.00,0.00,0.00,0.00,1.00,0.00,0.00,1.00,2.00,0.00,0.00,0.00,0.00,0.00,a lot of their coral shots missed their target,3/22/2025 9:35pm
,49,6324,Zander,1.00,0.00,0.00,0.00,3.00,0.00,1.00,3.00,1.00,0.00,0.00,1.00,0.00,0.00,,3/22/2025 9:35pm
,50,8708,Zander,0.00,0.00,0.00,0.00,0.00,0.00,1.00,2.00,4.00,0.00,0.00,1.00,0.00,0.00,,3/22/2025 9:35pm
,51,2877,Zander,1.00,0.00,0.00,0.00,3.00,0.00,3.00,0.00,3.00,2.00,1.00,0.00,0.00,1.00,Did the opposite processor for the coop bonus,3/22/2025 9:35pm
,52,4761,Zander,1.00,1.00,0.00,0.00,0.00,2.00,1.00,2.00,0.00,0.00,0.00,1.00,0.00,0.00,Turns out they can do level 3 when things are working,3/22/2025 9:35pm
,53,6367,Zander,1.00,0.00,0.00,0.00,0.00,2.00,5.00,0.00,0.00,0.00,0.00,0.00,0.00,0.00,,3/22/2025 9:35pm
,54,131,Zander,0.00,0.00,0.00,0.00,1.00,0.00,0.00,0.00,4.00,0.00,0.00,0.00,0.00,0.00,"Their human player emptied the coral station because they can pickup from the floor. when they miss scoring the coral, it falls directly into their robot. ",3/22/2025 9:35pm
,55,2342,Zander,1.00,0.00,0.00,0.00,2.00,0.00,0.00,3.00,1.00,0.00,0.00,0.00,0.00,1.00,,3/22/2025 9:35pm
,56,238,Zander,1.00,0.00,0.00,0.00,0.00,0.00,1.00,2.00,2.00,4.00,0.00,1.00,0.00,0.00,,3/22/2025 9:35pm
,57,7907,Zander,1.00,0.00,0.00,0.00,0.00,0.00,0.00,0.00,0.00,0.00,0.00,1.00,0.00,0.00,Defense,3/22/2025 9:35pm