ID,MatchNumber,TeamNumber,ScoutName,Auto_Leave,Auto_Coral_L1,Auto_Coral_L2,Auto_Coral_L3,Auto_Coral_L4,Auto_Processor,Auto_Barge,Tele_Coral_L1,Tele_Coral_L2,Tele_Coral_L3,Tele_Coral_L4,Tele_Processor,Tele_Barge,Endgame_Parked,Endgame_Shallow_Cage,Endgame_Deep_Cage,Defense_Score,Comments,Last Modified
,4,571,DAB,1.00,0.00,0.00,1.00,0.00,0.00,0.00,3.00,7.00,4.00,0.00,0.00,0.00,1.00,0.00,0.00,0.00,,4/4/2025 7:52pm
,6,190,DAB,1.00,0.00,0.00,0.00,2.00,0.00,0.00,0.00,7.00,5.00,5.00,0.00,0.00,0.00,0.00,1.00,0.00,Did climb in less than 5 seconds. awesome bot.,4/4/2025 7:52pm
,7,1721,DAB,1.00,0.00,0.00,0.00,0.00,0.00,0.00,0.00,0.00,0.00,0.00,5.00,0.00,0.00,0.00,1.00,0.00,Scored only in processor.,4/4/2025 7:52pm
,8,246,DAB,1.00,0.00,0.00,0.00,0.00,0.00,0.00,0.00,4.00,5.00,2.00,0.00,0.00,0.00,0.00,0.00,0.00,,4/4/2025 7:52pm
,9,1071,DAB,1.00,0.00,0.00,0.00,1.00,0.00,0.00,0.00,1.00,0.00,4.00,0.00,0.00,1.00,0.00,0.00,0.00,,4/4/2025 7:52pm
,10,3182,DAB,1.00,0.00,1.00,0.00,0.00,0.00,0.00,0.00,4.00,5.00,0.00,0.00,0.00,0.00,0.00,1.00,0.00,Can pick up from floor. Had a jiggily claw.,4/4/2025 7:52pm
,11,2342,DAB,1.00,0.00,0.00,0.00,3.00,0.00,0.00,1.00,2.00,5.00,6.00,0.00,0.00,1.00,0.00,0.00,0.00,Good bot.,4/4/2025 7:52pm
,12,166,DAB,1.00,0.00,0.00,0.00,2.00,0.00,0.00,0.00,1.00,3.00,3.00,3.00,0.00,0.00,0.00,1.00,0.00,,4/4/2025 7:52pm
,13,1729,DAB,1.00,0.00,0.00,0.00,0.00,0.00,0.00,0.00,1.00,0.00,0.00,0.00,0.00,1.00,0.00,0.00,5.00,Played defense,4/4/2025 7:52pm
,14,2370,DAB,1.00,0.00,0.00,0.00,0.00,0.00,1.00,0.00,0.00,5.00,0.00,2.00,0.00,0.00,0.00,1.00,0.00,,4/4/2025 7:52pm
,15,133,DAB,1.00,0.00,0.00,0.00,2.00,0.00,0.00,1.00,0.00,5.00,3.00,2.00,0.00,0.00,0.00,1.00,0.00,,4/4/2025 7:52pm
,16,190,DAB,1.00,0.00,0.00,0.00,1.00,0.00,0.00,3.00,6.00,6.00,6.00,0.00,0.00,1.00,0.00,0.00,0.00,,4/4/2025 7:52pm
,17,8626,DAB,1.00,0.00,0.00,0.00,0.00,0.00,0.00,0.00,0.00,0.00,0.00,2.00,4.00,1.00,0.00,0.00,0.00,Only scored algae.,4/4/2025 7:52pm
,18,4925,DAB,1.00,0.00,0.00,0.00,0.00,0.00,0.00,0.00,0.00,0.00,0.00,2.00,0.00,1.00,0.00,0.00,2.00,Played mostly defense.,4/4/2025 7:52pm
,19,2423,DAB,1.00,0.00,0.00,0.00,0.00,0.00,0.00,1.00,4.00,3.00,4.00,0.00,0.00,0.00,0.00,1.00,0.00,,4/4/2025 7:52pm
,20,8544,DAB,1.00,0.00,0.00,0.00,0.00,0.00,0.00,1.00,0.00,2.00,1.00,2.00,0.00,0.00,0.00,0.00,0.00,,4/4/2025 7:52pm
,21,3467,DAB,1.00,0.00,0.00,0.00,1.00,0.00,0.00,1.00,5.00,4.00,3.00,0.00,0.00,0.00,0.00,1.00,0.00,,4/4/2025 7:52pm
,22,125,Jean,1.00,0.00,0.00,0.00,2.00,0.00,0.00,0.00,3.00,5.00,4.00,0.00,3.00,0.00,0.00,1.00,0.00,,4/4/2025 7:52pm
,23,9710,Jean,1.00,0.00,0.00,0.00,1.00,0.00,0.00,0.00,0.00,0.00,0.00,0.00,0.00,1.00,0.00,0.00,6.00,decent defense - slowed 190 down in their scoring,4/4/2025 7:52pm
,24,10066,Jean,1.00,1.00,0.00,0.00,0.00,0.00,0.00,8.00,0.00,0.00,0.00,0.00,0.00,0.00,0.00,0.00,0.00,,4/4/2025 7:52pm
,25,509,DAB,1.00,0.00,0.00,0.00,0.00,0.00,0.00,0.00,0.00,0.00,0.00,5.00,0.00,1.00,0.00,0.00,0.00,Win with algae.,4/4/2025 7:52pm
,26,999,DAB,1.00,0.00,0.00,0.00,1.00,0.00,0.00,0.00,2.00,4.00,5.00,0.00,0.00,1.00,0.00,0.00,0.00,,4/4/2025 7:52pm
,27,133,DAB,1.00,0.00,0.00,0.00,1.00,0.00,0.00,0.00,1.00,0.00,1.00,5.00,4.00,0.00,0.00,1.00,0.00,,4/4/2025 7:52pm
,28,1058,DAB,1.00,0.00,0.00,0.00,2.00,0.00,0.00,5.00,1.00,0.00,0.00,1.00,0.00,1.00,0.00,0.00,0.00,,4/4/2025 7:52pm
,29,1721,DAB,1.00,0.00,0.00,0.00,0.00,0.00,0.00,0.00,0.00,0.00,0.00,0.00,0.00,0.00,0.00,1.00,3.00,Played defense.,4/4/2025 7:52pm
,30,4048,DAB,1.00,1.00,0.00,0.00,0.00,0.00,0.00,1.00,1.00,3.00,2.00,0.00,0.00,0.00,0.00,1.00,0.00,,4/4/2025 7:52pm
,31,7127,DAB,1.00,0.00,0.00,0.00,0.00,0.00,0.00,0.00,0.00,0.00,2.00,0.00,0.00,1.00,0.00,0.00,0.00,Didn't align for auto.  Then had mechanical problems.,4/4/2025 7:52pm
,32,4564,DAB,1.00,0.00,0.00,0.00,2.00,0.00,0.00,0.00,1.00,1.00,2.00,0.00,0.00,1.00,0.00,0.00,0.00,Robot arm stopped working,4/4/2025 7:52pm
,33,4909,DAB,1.00,0.00,0.00,0.00,3.00,0.00,0.00,0.00,0.00,5.00,3.00,0.00,0.00,0.00,0.00,1.00,0.00,Had defense bot on them constantly,4/4/2025 7:52pm
,34,5687,DAB,1.00,0.00,0.00,0.00,3.00,0.00,0.00,0.00,4.00,6.00,2.00,3.00,0.00,0.00,0.00,1.00,0.00,,4/4/2025 7:52pm
,35,125,DAB,1.00,0.00,0.00,0.00,2.00,0.00,0.00,0.00,3.00,4.00,2.00,0.00,3.00,0.00,0.00,1.00,0.00,Missed a few shots,4/4/2025 7:52pm
,36,10066,DAB,1.00,1.00,0.00,0.00,0.00,0.00,0.00,7.00,0.00,0.00,0.00,0.00,0.00,0.00,0.00,0.00,0.00,,4/4/2025 7:52pm
,37,166,DAB,1.00,0.00,0.00,0.00,2.00,0.00,0.00,1.00,4.00,4.00,1.00,0.00,0.00,0.00,0.00,1.00,0.00,,4/4/2025 7:52pm
,39,8626,Zander,1.00,0.00,0.00,0.00,0.00,0.00,0.00,0.00,0.00,0.00,0.00,0.00,5.00,1.00,0.00,0.00,0.00,Auto involves launching a coral up toward level 4 and hoping it lands. Algae is their main focus,4/4/2025 7:52pm
,40,2342,Zander,1.00,0.00,0.00,0.00,2.00,0.00,0.00,0.00,4.00,5.00,3.00,0.00,0.00,1.00,0.00,0.00,0.00,,4/4/2025 7:52pm
,41,7153,Zander,1.00,0.00,0.00,0.00,1.00,0.00,0.00,2.00,1.00,1.00,4.00,0.00,0.00,1.00,0.00,0.00,0.00,"moves fast, scores slow",4/4/2025 7:52pm
,42,95,Zander,1.00,0.00,0.00,0.00,3.00,0.00,0.00,0.00,0.00,0.00,1.00,0.00,0.00,1.00,0.00,0.00,4.00,Got a coral stuck inside and switched to defense. ,4/4/2025 7:52pm
,43,1991,Zander,1.00,0.00,0.00,0.00,0.00,0.00,0.00,0.00,0.00,0.00,0.00,3.00,0.00,1.00,0.00,0.00,1.00,"Started with algae. went to the other side of the field to grab a piece and played some defense. Got a penalty for popping an algae, hitting an opposing robot on the reef, and something else I couldn't see. ",4/4/2025 7:52pm
,44,155,Zander,1.00,0.00,0.00,0.00,1.00,0.00,0.00,2.00,1.00,2.00,1.00,0.00,0.00,1.00,0.00,0.00,0.00,Started to climb way early but wasn't able to get up,4/4/2025 7:52pm
,45,8567,Zander,1.00,0.00,0.00,0.00,0.00,0.00,0.00,0.00,0.00,0.00,5.00,0.00,0.00,0.00,0.00,0.00,0.00,"Despite what they might think, they can't score level 1. every time they tried it bounced off ",4/4/2025 7:52pm
,46,2648,Zander,1.00,0.00,0.00,0.00,2.00,0.00,0.00,0.00,3.00,1.00,3.00,0.00,1.00,1.00,0.00,0.00,0.00,Very wobbly. would've scored a lot more if they slowed down just a little bit. fast and wobbly don't mix well,4/4/2025 7:52pm
,47,1721,Zander,1.00,0.00,0.00,0.00,0.00,0.00,0.00,0.00,0.00,0.00,0.00,3.00,0.00,0.00,0.00,1.00,0.00,They rammed through the opposing cages like they were trying to rip them off. I think they got a double penalty for it,4/4/2025 7:52pm
,48,190,Zander,1.00,0.00,0.00,0.00,4.00,0.00,0.00,4.00,6.00,4.00,5.00,0.00,0.00,0.00,0.00,1.00,0.00,they zoomin. so fast,4/4/2025 7:52pm
,49,999,Zander,1.00,0.00,0.00,0.00,1.00,0.00,0.00,0.00,1.00,2.00,0.00,0.00,0.00,0.00,0.00,0.00,0.00,Had connection issues for most of the match,4/4/2025 7:52pm
,50,509,Zander,1.00,0.00,0.00,0.00,0.00,0.00,0.00,0.00,0.00,0.00,0.00,0.00,5.00,0.00,0.00,1.00,0.00,Consistent barge scoring,4/4/2025 7:52pm
,51,8013,Zander,1.00,0.00,0.00,0.00,1.00,0.00,1.00,0.00,1.00,2.00,1.00,0.00,4.00,0.00,0.00,1.00,0.00,fairly consistent scoring in reef and barge,4/4/2025 7:52pm
,52,5422,Zander,1.00,0.00,0.00,0.00,1.00,0.00,0.00,0.00,1.00,2.00,1.00,0.00,0.00,1.00,0.00,0.00,0.00,,4/4/2025 7:52pm
,53,2423,Zander,1.00,0.00,0.00,0.00,2.00,0.00,0.00,0.00,2.00,3.00,3.00,2.00,0.00,0.00,0.00,1.00,0.00,,4/4/2025 7:52pm
,54,6153,Zander,0.00,0.00,0.00,0.00,0.00,0.00,0.00,0.00,0.00,0.00,0.00,0.00,0.00,0.00,0.00,0.00,0.00,Didn't move. this is the second connection issue I've seen on red 3 today. doesn't seem to be the robots' faults. ,4/4/2025 7:52pm
,55,501,Zander,0.00,0.00,0.00,0.00,0.00,0.00,0.00,0.00,0.00,0.00,0.00,0.00,0.00,1.00,0.00,0.00,0.00,"when teleop started, they zoomed to the other side to play defense, got stuck on an algae and lost a bumper, then zoomed to the parking spot. took about ten seconds total",4/4/2025 7:52pm
,56,663,Zander,1.00,0.00,0.00,0.00,1.00,0.00,0.00,1.00,1.00,2.00,4.00,0.00,0.00,0.00,0.00,0.00,0.00,Slow and steady. kinda gets in the way of the faster robots,4/4/2025 7:52pm
,57,8567,Zander,1.00,0.00,0.00,0.00,0.00,0.00,0.00,0.00,0.00,2.00,1.00,2.00,0.00,1.00,0.00,0.00,0.00,,4/4/2025 7:52pm
,58,1729,Zander,1.00,0.00,0.00,0.00,1.00,0.00,0.00,0.00,0.00,0.00,0.00,0.00,0.00,0.00,0.00,0.00,7.00,Got a coral stuck inside. Played defense instead. decent at it. got stuck on algae at the end and couldnt park or climb,4/4/2025 7:52pm
,59,5422,Zander,1.00,0.00,0.00,0.00,2.00,0.00,0.00,0.00,0.00,0.00,0.00,0.00,0.00,1.00,0.00,0.00,0.00,Another connection issue on red 3 as soon as teleop starts. they got it working at the end just enough to go park,4/4/2025 7:52pm
,60,1073,Zander,1.00,0.00,0.00,0.00,1.00,0.00,0.00,0.00,0.00,0.00,0.00,0.00,0.00,0.00,0.00,1.00,8.00,Good defense. mostly prioritized the right robots to defend against ,4/4/2025 7:52pm
,61,2370,Zander,1.00,0.00,0.00,0.00,1.00,0.00,0.00,2.00,2.00,1.00,0.00,1.00,0.00,0.00,0.00,1.00,0.00,,4/4/2025 7:52pm
,62,9644,Zander,1.00,0.00,0.00,0.00,2.00,0.00,0.00,3.00,2.00,4.00,3.00,0.00,0.00,1.00,0.00,0.00,0.00,,4/4/2025 7:52pm
,63,166,Zander,1.00,0.00,0.00,0.00,0.00,0.00,0.00,0.00,0.00,2.00,2.00,0.00,0.00,0.00,0.00,1.00,0.00,I think they had some connection issues but not as bad as the other ones. ,4/4/2025 7:52pm
,64,4909,Zander,1.00,0.00,0.00,0.00,3.00,0.00,0.00,1.00,4.00,7.00,0.00,0.00,0.00,0.00,0.00,1.00,0.00,,4/4/2025 7:52pm
,65,3182,Terri,1.00,1.00,0.00,0.00,0.00,0.00,0.00,0.00,2.00,3.00,0.00,0.00,0.00,0.00,0.00,1.00,0.00,Can pick from the floor. Can dislodge algae. ,4/4/2025 7:52pm
,66,237,Terri,1.00,0.00,0.00,0.00,0.00,0.00,0.00,3.00,0.00,1.00,0.00,1.00,0.00,1.00,0.00,0.00,0.00,Can dislodge algae. A little slow.,4/4/2025 7:52pm
,67,7153,Terri,1.00,0.00,0.00,0.00,1.00,0.00,0.00,0.00,1.00,4.00,2.00,0.00,0.00,0.00,0.00,1.00,0.00,Can dislodge algae. ,4/4/2025 7:52pm
,68,10066,Terri,1.00,0.00,0.00,0.00,0.00,0.00,0.00,8.00,0.00,0.00,0.00,0.00,0.00,0.00,0.00,0.00,0.00,Did not go park,4/4/2025 7:52pm
,69,6329,Terri,1.00,0.00,0.00,0.00,3.00,0.00,0.00,0.00,7.00,6.00,2.00,3.00,0.00,0.00,0.00,1.00,0.00,Can dislodge algae. ,4/4/2025 7:52pm
,70,1991,Terri,1.00,0.00,0.00,0.00,0.00,0.00,0.00,0.00,0.00,0.00,0.00,1.00,0.00,0.00,0.00,0.00,0.00,Broke so played defense. did ok.,4/4/2025 7:52pm
,71,155,Terri,1.00,0.00,0.00,0.00,0.00,0.00,0.00,0.00,0.00,0.00,2.00,0.00,0.00,1.00,0.00,0.00,0.00,Had issues scoring coral. one got stuck in bot. so played defense. did ok,4/4/2025 7:52pm
,72,9644,Terri,1.00,0.00,0.00,0.00,2.00,0.00,0.00,0.00,2.00,3.00,2.00,0.00,0.00,0.00,0.00,0.00,0.00,Did not park,4/4/2025 7:52pm
,73,5422,Terri,1.00,0.00,0.00,0.00,1.00,0.00,0.00,0.00,4.00,0.00,5.00,0.00,0.00,1.00,0.00,0.00,0.00,,4/4/2025 7:52pm
,74,9710,Terri,1.00,0.00,0.00,0.00,2.00,0.00,0.00,0.00,0.00,0.00,0.00,0.00,0.00,0.00,0.00,0.00,0.00,Broke down. ,4/4/2025 7:52pm
,75,181,Terri,1.00,0.00,0.00,0.00,0.00,1.00,0.00,0.00,0.00,0.00,0.00,0.00,4.00,0.00,0.00,0.00,0.00,Did not park,4/4/2025 7:52pm
,76,3182,Terri,1.00,0.00,1.00,0.00,0.00,0.00,0.00,0.00,4.00,5.00,0.00,0.00,0.00,0.00,0.00,1.00,0.00,Can pick from the floor. ,4/4/2025 7:52pm
,77,7127,Terri,1.00,0.00,0.00,0.00,1.00,0.00,0.00,0.00,2.00,3.00,4.00,0.00,0.00,1.00,0.00,0.00,0.00,Did a really good job with coral.,4/4/2025 7:52pm
,78,2423,Terri,1.00,0.00,0.00,0.00,1.00,0.00,0.00,0.00,0.00,5.00,3.00,0.00,0.00,0.00,0.00,1.00,0.00,Fast robot.,4/4/2025 7:52pm
,79,2648,Terri,1.00,0.00,0.00,0.00,1.00,0.00,0.00,0.00,0.00,2.00,2.00,0.00,0.00,0.00,0.00,1.00,0.00,,4/4/2025 7:52pm
,80,2342,Terri,1.00,0.00,0.00,0.00,1.00,0.00,0.00,0.00,0.00,4.00,8.00,0.00,0.00,1.00,0.00,0.00,0.00,,4/4/2025 7:52pm
,81,3467,Terri,1.00,0.00,0.00,0.00,3.00,0.00,0.00,0.00,4.00,7.00,3.00,0.00,0.00,0.00,0.00,1.00,0.00,,4/4/2025 7:52pm
,82,1073,Terri,1.00,0.00,0.00,0.00,2.00,0.00,0.00,0.00,2.00,0.00,5.00,0.00,0.00,0.00,0.00,1.00,0.00,,4/4/2025 7:52pm
,83,8626,Terri,1.00,0.00,0.00,0.00,0.00,0.00,0.00,0.00,0.00,0.00,0.00,2.00,6.00,0.00,0.00,0.00,0.00,No park,4/4/2025 7:52pm
,84,2648,Terri,1.00,0.00,0.00,0.00,1.00,0.00,0.00,0.00,2.00,4.00,3.00,0.00,0.00,0.00,0.00,1.00,0.00,,4/4/2025 7:52pm
,85,2342,John,1.00,0.00,0.00,0.00,1.00,0.00,0.00,0.00,0.00,5.00,2.00,0.00,0.00,0.00,0.00,1.00,0.00,Missed three L4 attempts.,4/4/2025 7:52pm
,86,5687,terri,1.00,0.00,0.00,0.00,3.00,0.00,0.00,0.00,6.00,6.00,6.00,0.00,0.00,1.00,0.00,0.00,0.00,,4/4/2025 7:52pm
,87,190,joyce,1.00,0.00,0.00,0.00,0.00,0.00,0.00,0.00,1.00,2.00,5.00,0.00,0.00,1.00,0.00,0.00,0.00,,4/4/2025 7:52pm
,88,6328,joyce,1.00,0.00,0.00,0.00,2.00,0.00,0.00,0.00,2.00,2.00,0.00,0.00,2.00,0.00,0.00,1.00,0.00,Good with scoring algae in the barge and accurate with coral ,4/4/2025 7:52pm
,89,6153,joyce,1.00,0.00,0.00,0.00,0.00,0.00,0.00,0.00,0.00,1.00,2.00,0.00,0.00,0.00,0.00,1.00,0.00,,4/4/2025 7:52pm
,90,4048,joyce,0.00,0.00,0.00,0.00,0.00,0.00,0.00,0.00,0.00,1.00,1.00,0.00,0.00,0.00,0.00,1.00,0.00,Could not see enough of the field to scout correctly.,4/4/2025 7:52pm
,91,155,joyce,1.00,0.00,0.00,0.00,1.00,0.00,0.00,0.00,1.00,2.00,4.00,0.00,0.00,1.00,0.00,0.00,0.00,,4/4/2025 7:52pm
,92,1071,joyce,1.00,0.00,0.00,0.00,1.00,0.00,0.00,0.00,0.00,3.00,3.00,0.00,0.00,0.00,0.00,1.00,0.00,"Good with scoring L4 and L3 (consistency is fast). takes.from human player, don't believe from floor.",4/4/2025 7:52pm
,93,8708,joyce,1.00,0.00,0.00,0.00,0.00,0.00,0.00,0.00,0.00,1.00,2.00,0.00,0.00,0.00,0.00,1.00,0.00,,4/4/2025 7:52pm
,95,1058,Rachel,1.00,0.00,0.00,0.00,1.00,0.00,0.00,0.00,3.00,2.00,1.00,0.00,2.00,0.00,0.00,1.00,0.00,Tippy. almost fell a couple times,4/4/2025 7:52pm
,96,571,Rachel,1.00,1.00,0.00,1.00,0.00,0.00,0.00,4.00,4.00,3.00,0.00,0.00,0.00,0.00,0.00,0.00,0.00,,4/4/2025 7:52pm
,1,6329,Jean,1.00,0.00,0.00,0.00,3.00,0.00,0.00,0.00,3.00,3.00,4.00,1.00,4.00,0.00,0.00,1.00,0.00,,4/4/2025 7:53pm
,2,1058,Jean,1.00,0.00,0.00,0.00,0.00,0.00,0.00,1.00,0.00,1.00,4.00,0.00,0.00,0.00,0.00,1.00,0.00,"missed 2 coral during auto
missed with 4 coral during teleop

watch to see if they get better during the competition",4/4/2025 7:53pm
,3,237,Jean,1.00,0.00,0.00,0.00,1.00,0.00,0.00,1.00,0.00,0.00,7.00,0.00,0.00,1.00,0.00,0.00,0.00,"drooped two coral during teleop. slow but steady

top heavy!",4/4/2025 7:53pm
,4,1071,Jean,1.00,0.00,0.00,0.00,1.00,0.00,0.00,0.00,1.00,4.00,1.00,0.00,0.00,1.00,0.00,0.00,0.00,"spit a couple of coral out backwards

deep climbed, but as soon as buzzer sounded, it dropped and was considered parked.",4/4/2025 7:53pm
,5,501,Jean,1.00,0.00,0.00,0.00,0.00,0.00,0.00,0.00,0.00,0.00,0.00,2.00,0.00,1.00,0.00,0.00,6.00,played defense.,4/4/2025 7:53pm
,6,7153,Jean,1.00,0.00,0.00,0.00,1.00,0.00,0.00,0.00,2.00,3.00,2.00,0.00,2.00,0.00,0.00,1.00,0.00,,4/4/2025 7:53pm
,7,4048,Jean,1.00,0.00,1.00,0.00,1.00,0.00,0.00,0.00,2.00,4.00,2.00,0.00,0.00,0.00,0.00,1.00,0.00,May have missed a couple of coral.  accidentally clicked out and had to come back in to record.,4/4/2025 7:53pm
,8,7127,Jean,1.00,1.00,0.00,0.00,1.00,0.00,0.00,0.00,1.00,4.00,7.00,0.00,0.00,0.00,0.00,0.00,0.00,choopse not to park or climb.,4/4/2025 7:53pm
,9,663,Jean,1.00,0.00,0.00,0.00,0.00,0.00,0.00,0.00,3.00,1.00,2.00,0.00,0.00,0.00,0.00,0.00,0.00,chose not to climb or park.  hard time seeing bot - believe I missed counting three coral in levels 1&2.,4/4/2025 7:53pm
,10,2423,Jean,1.00,0.00,0.00,0.00,2.00,0.00,0.00,0.00,0.00,4.00,5.00,2.00,0.00,1.00,0.00,0.00,0.00,,4/4/2025 7:53pm
,11,1991,Jean,1.00,0.00,0.00,0.00,0.00,0.00,0.00,0.00,0.00,0.00,0.00,7.00,0.00,1.00,0.00,0.00,0.00,c Can dislodge algae. Can only handle algae. ,4/4/2025 7:53pm
,12,7153,Jean,1.00,0.00,0.00,0.00,1.00,0.00,0.00,0.00,3.00,4.00,2.00,0.00,0.00,0.00,0.00,1.00,0.00,,4/4/2025 7:53pm
,13,6328,Jean,1.00,0.00,0.00,0.00,3.00,0.00,0.00,6.00,4.00,5.00,2.00,0.00,0.00,1.00,0.00,0.00,0.00,,4/4/2025 7:53pm
,14,95,Jean,1.00,0.00,0.00,0.00,2.00,0.00,0.00,0.00,0.00,0.00,8.00,0.00,0.00,0.00,0.00,1.00,0.00,quick climb,4/4/2025 7:53pm
,15,10066,Jean,1.00,0.00,0.00,0.00,0.00,0.00,0.00,5.00,0.00,0.00,0.00,0.00,0.00,1.00,0.00,0.00,0.00,,4/4/2025 7:53pm
,16,1721,Jean,1.00,0.00,0.00,0.00,0.00,0.00,0.00,0.00,0.00,0.00,0.00,5.00,0.00,0.00,0.00,1.00,0.00,Can dislodge algae. Can only handle algae. ,4/4/2025 7:53pm
,17,571,jeanette,1.00,0.00,0.00,1.00,0.00,0.00,0.00,0.00,5.00,8.00,0.00,0.00,0.00,0.00,0.00,0.00,0.00,Can dislodge algae. Did not hang can move algae and drop coral. ,4/4/2025 7:53pm
,18,230,jeanette,1.00,0.00,0.00,0.00,2.00,0.00,0.00,0.00,1.00,2.00,3.00,0.00,0.00,0.00,0.00,1.00,0.00,Can dislodge algae. ,4/4/2025 7:53pm
,19,6153,jeanette,1.00,0.00,0.00,0.00,1.00,0.00,0.00,0.00,1.00,2.00,0.00,3.00,0.00,0.00,0.00,1.00,0.00,Can dislodge algae. ,4/4/2025 7:53pm
,20,3182,jeanette,1.00,0.00,0.00,0.00,0.00,0.00,0.00,1.00,0.00,0.00,1.00,0.00,0.00,0.00,0.00,1.00,0.00,"this robot got many penalties when defending they pinned and bumped into the opponents many times (32 penalty points).
 DON'T PICK!  Jean",4/4/2025 7:53pm
,21,999,Jeanette,1.00,0.00,0.00,0.00,1.00,0.00,0.00,1.00,1.00,3.00,2.00,0.00,1.00,1.00,0.00,0.00,0.00,Tried to hang but failed. ,4/4/2025 7:53pm
,22,95,Jeanette,1.00,0.00,0.00,0.00,3.00,0.00,0.00,6.00,1.00,0.00,3.00,0.00,0.00,0.00,0.00,1.00,0.00,Can pick from the floor. They are good cored alot on level 1,4/4/2025 7:53pm
,23,663,Jeanette,1.00,0.00,0.00,0.00,0.00,0.00,0.00,0.00,1.00,0.00,4.00,0.00,0.00,0.00,0.00,0.00,0.00,Can dislodge algae. ,4/4/2025 7:53pm
,24,1721,Jeanette,1.00,0.00,0.00,0.00,0.00,0.00,0.00,0.00,0.00,0.00,0.00,5.00,0.00,0.00,0.00,1.00,0.00,Can dislodge algae. Can only handle algae. Not a good team,4/4/2025 7:53pm
,25,155,Jeanette,1.00,0.00,0.00,0.00,0.00,0.00,0.00,0.00,0.00,0.00,7.00,0.00,0.00,0.00,0.00,1.00,0.00,They keep getting hit by the blue team.,4/4/2025 7:53pm
,26,501,Jeanette,1.00,0.00,0.00,0.00,0.00,0.00,0.00,0.00,0.00,0.00,0.00,0.00,0.00,1.00,0.00,0.00,4.00,,4/4/2025 7:53pm
,27,4909,Jeanette,1.00,0.00,0.00,0.00,2.00,0.00,0.00,0.00,4.00,5.00,2.00,0.00,0.00,0.00,0.00,1.00,0.00,Good pick,4/4/2025 7:53pm
,28,663,Jeanette,1.00,0.00,0.00,0.00,1.00,0.00,0.00,0.00,2.00,2.00,4.00,0.00,0.00,1.00,0.00,0.00,0.00,Dropped coral a lot. ,4/4/2025 7:53pm
,29,8567,Jeanette,1.00,0.00,0.00,0.00,0.00,0.00,0.00,2.00,0.00,0.00,1.00,2.00,0.00,1.00,0.00,0.00,0.00,Dropped coral a lot. DON'T PICK! ,4/4/2025 7:53pm
,30,5422,Jeanette,1.00,0.00,0.00,0.00,1.00,0.00,0.00,1.00,2.00,1.00,3.00,0.00,0.00,0.00,0.00,1.00,0.00,Dropped coral a lot. Can dislodge algae. ,4/4/2025 7:53pm
,31,4925,Jeanette,0.00,0.00,0.00,0.00,0.00,0.00,0.00,0.00,0.00,0.00,0.00,0.00,0.00,0.00,0.00,0.00,3.00,Dropped coral a lot. Played defense. DON'T PICK! ,4/4/2025 7:53pm
,32,166,Jeanette,1.00,0.00,0.00,0.00,0.00,0.00,0.00,0.00,2.00,4.00,2.00,0.00,0.00,0.00,0.00,1.00,0.00,Tried to hang but failed. Dropped coral a lot. ,4/4/2025 7:53pm
,33,999,Jeanette,1.00,0.00,0.00,0.00,1.00,0.00,0.00,0.00,0.00,0.00,0.00,0.00,1.00,1.00,0.00,0.00,0.00,DON'T PICK! Dropped coral a lot. Missed shooting algae into barge. ,4/4/2025 7:53pm
,34,190,Jeanette,1.00,0.00,0.00,0.00,2.00,0.00,0.00,0.00,7.00,6.00,3.00,0.00,3.00,1.00,0.00,0.00,0.00,Can dislodge algae. Tried to hang but failed. Good team to pick fast moving,4/4/2025 7:53pm
,35,2370,Jeanette,1.00,0.00,0.00,0.00,0.00,0.00,0.00,1.00,3.00,4.00,3.00,0.00,0.00,0.00,0.00,1.00,0.00,,4/4/2025 7:53pm
,36,8567,Jeanette,1.00,0.00,0.00,0.00,1.00,0.00,0.00,0.00,0.00,3.00,6.00,0.00,0.00,1.00,0.00,0.00,0.00,Not bad help another team get off the algae,4/4/2025 7:53pm
,37,95,Jeanette,1.00,0.00,0.00,0.00,2.00,0.00,0.00,0.00,0.00,0.00,7.00,0.00,0.00,0.00,0.00,1.00,0.00,Good team Can pick from the floor. ,4/4/2025 7:53pm
,39,181,Rachel,1.00,0.00,0.00,0.00,0.00,0.00,0.00,0.00,0.00,0.00,0.00,5.00,0.00,0.00,0.00,0.00,0.00,Algae bot. struggked to get two peices in. Parked at a minute left then left again sl didnt actually get the park,4/4/2025 7:53pm
,40,8013,Rachel,1.00,1.00,0.00,0.00,0.00,0.00,0.00,0.00,3.00,1.00,0.00,0.00,1.00,0.00,0.00,1.00,0.00,Slow at scoring.,4/4/2025 7:53pm
,41,3182,Rachel,1.00,0.00,0.00,0.00,0.00,0.00,0.00,0.00,1.00,0.00,0.00,0.00,0.00,0.00,0.00,0.00,0.00,Died oh no. ,4/4/2025 7:53pm
,42,7127,Rachel,1.00,0.00,0.00,0.00,2.00,0.00,0.00,0.00,4.00,2.00,3.00,0.00,0.00,1.00,0.00,0.00,0.00,Missed some coral j think. was watching us. but fast scoring. got a penalty for havjng too many coral in thr robot,4/4/2025 7:53pm
,43,166,Rachel,1.00,0.00,0.00,0.00,1.00,0.00,0.00,0.00,1.00,7.00,4.00,0.00,0.00,0.00,0.00,1.00,0.00,Good overall. very shaky when scoring,4/4/2025 7:53pm
,44,125,Rachel,1.00,1.00,0.00,0.00,2.00,0.00,0.00,2.00,3.00,5.00,2.00,0.00,2.00,0.00,0.00,1.00,0.00,Got a penalty for toO many coral. the l1 coral is crazy. they just drop it at the l4 height and hope it stays in the l1 part,4/4/2025 7:53pm
,45,509,Rachel,1.00,0.00,0.00,0.00,0.00,0.00,0.00,0.00,0.00,0.00,0.00,2.00,4.00,0.00,0.00,1.00,0.00,Barge was okay. but reakly so pick up on the algae. spent a lot of time standkng around,4/4/2025 7:53pm
,46,6328,Rachel,1.00,0.00,0.00,0.00,3.00,0.00,0.00,1.00,3.00,4.00,2.00,1.00,1.00,1.00,0.00,0.00,0.00,Tried twice to deep climb both failed. missed getting peices on level1 thr bounced out.,4/4/2025 7:53pm
,47,5422,Rachel,1.00,0.00,2.00,2.00,3.00,0.00,0.00,0.00,0.00,0.00,0.00,0.00,0.00,0.00,0.00,1.00,0.00,Tried to deep climb but couldnt get the cage intk thier mechanism. also seemed tk get a coral stuck in their grabber because it wouldn't leave the robkt,4/4/2025 7:53pm
,48,9710,Rachel,1.00,0.00,0.00,0.00,1.00,0.00,0.00,0.00,0.00,2.00,2.00,0.00,0.00,1.00,0.00,0.00,0.00,Very slow coral putter onner. csnt do level1,4/4/2025 7:53pm
,49,9101,Rachel,0.00,0.00,0.00,0.00,0.00,0.00,0.00,0.00,4.00,4.00,0.00,0.00,0.00,0.00,0.00,1.00,0.00,Started climbjng ay 30. slow player station pick up. ,4/4/2025 7:53pm
,50,7153,james,1.00,0.00,0.00,0.00,1.00,0.00,0.00,0.00,0.00,2.00,6.00,0.00,0.00,0.00,0.00,1.00,0.00,Spent 30 seconds tying tk get a team membor off an algae,4/4/2025 7:53pm
,51,3182,Rachdl,1.00,0.00,0.00,0.00,0.00,0.00,0.00,0.00,3.00,2.00,1.00,0.00,0.00,0.00,0.00,1.00,0.00,Started climbing at 25 and took forever. mjsses sometimes,4/4/2025 7:53pm
,52,2370,Rachdl,1.00,0.00,0.00,0.00,2.00,0.00,0.00,0.00,0.00,1.00,2.00,3.00,0.00,0.00,0.00,1.00,0.00,Did good. i think i mkssed some stuff,4/4/2025 7:53pm
,53,8708,Rachdl,1.00,0.00,0.00,0.00,0.00,0.00,0.00,0.00,1.00,2.00,4.00,0.00,0.00,1.00,0.00,0.00,0.00,Tried to deep climb didnt get it. slow scoring,4/4/2025 7:53pm
,54,3467,Rachdl,1.00,0.00,0.00,0.00,2.00,0.00,0.00,0.00,1.00,4.00,4.00,0.00,0.00,0.00,0.00,1.00,0.00,Missed barge.,4/4/2025 7:53pm
,55,8544,Rachdl,0.00,0.00,0.00,0.00,0.00,0.00,0.00,1.00,0.00,2.00,0.00,0.00,0.00,1.00,0.00,0.00,0.00,Slow. dropped a lot of coral when tring to score,4/4/2025 7:53pm
,56,2648,Rachdl,1.00,0.00,0.00,0.00,0.00,0.00,0.00,0.00,1.00,6.00,1.00,0.00,1.00,0.00,0.00,1.00,0.00,Put a coral into their robkt in auto,4/4/2025 7:53pm
,57,571,Rachdl,1.00,0.00,0.00,1.00,0.00,0.00,0.00,3.00,5.00,4.00,0.00,0.00,0.00,1.00,0.00,0.00,0.00,Sometimes theh dknt line up ckrrectly and have to try agajn,4/4/2025 7:53pm
,58,2064,Rachdl,1.00,0.00,0.00,1.00,0.00,0.00,0.00,0.00,3.00,4.00,0.00,0.00,0.00,1.00,0.00,0.00,0.00,Missed some coral. take forever to get and score coral,4/4/2025 7:53pm
,59,9101,Rachdl,1.00,0.00,0.00,0.00,0.00,0.00,0.00,0.00,1.00,3.00,5.00,0.00,0.00,0.00,1.00,0.00,0.00,Climbed at 25 second. mkssed a lot of coral. side note 509s human player is very very good at geting tbr algae in tbe barge,4/4/2025 7:53pm
,60,2342,Rachdl,1.00,0.00,0.00,0.00,3.00,0.00,0.00,0.00,6.00,6.00,2.00,0.00,0.00,0.00,0.00,1.00,0.00,Slow pick up but very very fast scoring,4/4/2025 7:53pm
,62,230,Rachdl,1.00,0.00,0.00,0.00,2.00,0.00,0.00,1.00,3.00,3.00,2.00,0.00,1.00,0.00,0.00,1.00,0.00,,4/4/2025 7:53pm
,63,155,Rachel,1.00,0.00,0.00,0.00,1.00,0.00,0.00,0.00,0.00,1.00,4.00,0.00,0.00,1.00,0.00,0.00,0.00,Bad scoring coral,4/4/2025 7:53pm
,64,6153,Rachel,1.00,0.00,0.00,0.00,1.00,0.00,0.00,0.00,1.00,4.00,1.00,0.00,0.00,0.00,0.00,1.00,0.00,Struggled to sckre coral,4/4/2025 7:53pm
,65,4048,Rachel,1.00,1.00,0.00,0.00,0.00,0.00,0.00,0.00,0.00,1.00,3.00,0.00,0.00,0.00,0.00,1.00,0.00,Got stuck on an algae for mkst tbe match,4/4/2025 7:53pm
,66,4925,Rachel,1.00,0.00,0.00,0.00,0.00,0.00,0.00,2.00,0.00,1.00,3.00,0.00,0.00,0.00,0.00,0.00,0.00,Missed a lot of coral shots,4/4/2025 7:53pm
,67,8544,Rachel,1.00,0.00,0.00,0.00,0.00,0.00,0.00,1.00,2.00,1.00,0.00,2.00,0.00,0.00,0.00,0.00,0.00,Tippy. missed coral scoring,4/4/2025 7:53pm
,68,509,Rachel,1.00,0.00,0.00,0.00,0.00,0.00,0.00,0.00,0.00,0.00,0.00,0.00,10.00,0.00,0.00,1.00,0.00,Good algae bot. auto didnt work at all. biggest weakness is picking uo thr algae,4/4/2025 7:53pm
,69,181,Rachel,1.00,0.00,0.00,0.00,1.00,0.00,0.00,0.00,0.00,0.00,0.00,1.00,4.00,1.00,0.00,0.00,0.00,Onky gets thr algae in thr barge about hakf the time,4/4/2025 7:53pm
,70,8626,Rachel,1.00,0.00,0.00,0.00,0.00,0.00,1.00,0.00,0.00,0.00,0.00,1.00,6.00,1.00,0.00,0.00,0.00,Chased around the algae a lot,4/4/2025 7:53pm
,71,1058,Rachel,1.00,0.00,0.00,0.00,1.00,0.00,0.00,1.00,2.00,3.00,2.00,0.00,2.00,0.00,0.00,1.00,0.00,,4/4/2025 7:53pm
,72,2423,Rachel,1.00,0.00,0.00,0.00,2.00,0.00,0.00,1.00,0.00,3.00,0.00,0.00,0.00,0.00,0.00,1.00,0.00,Takes forever to line up coral,4/4/2025 7:53pm
,73,10066,Rachel,1.00,1.00,0.00,0.00,0.00,0.00,0.00,6.00,0.00,0.00,0.00,0.00,0.00,1.00,0.00,0.00,0.00,Misses level 1 sometimes,4/4/2025 7:53pm
,74,1073,Rachel,1.00,0.00,0.00,0.00,2.00,0.00,0.00,0.00,2.00,4.00,2.00,0.00,0.00,0.00,0.00,1.00,0.00,Took forecer to take an algae off the reef. like 20 hoke seconds,4/4/2025 7:53pm
,75,9101,Rachel,1.00,0.00,0.00,0.00,0.00,0.00,0.00,0.00,0.00,0.00,0.00,0.00,0.00,0.00,0.00,1.00,0.00,That was so sad. they must have tried to score ten times. missed every single one,4/4/2025 7:53pm
,76,8626,Rachel,1.00,0.00,0.00,0.00,0.00,0.00,1.00,0.00,0.00,0.00,0.00,1.00,3.00,1.00,0.00,0.00,0.00,A defence bot trapped my robot down at the bkue side. dont knkw why. it was mean. they tried to get them to touch the bkue safe area for penalties.,4/4/2025 7:53pm
,77,2064,Rachel,1.00,0.00,1.00,0.00,0.00,0.00,0.00,0.00,6.00,2.00,0.00,0.00,0.00,1.00,0.00,0.00,0.00,,4/4/2025 7:53pm
,78,4564,Rachel,1.00,0.00,0.00,0.00,2.00,0.00,0.00,0.00,1.00,0.00,3.00,4.00,0.00,1.00,0.00,0.00,0.00,Struggled to get akgae in the processor,4/4/2025 7:53pm
,79,9644,Rachel,1.00,0.00,0.00,0.00,2.00,0.00,0.00,1.00,4.00,4.00,4.00,0.00,0.00,0.00,0.00,0.00,0.00,Stayed back to score instead of climb,4/4/2025 7:53pm
,80,125,Rachel,1.00,0.00,0.00,0.00,1.00,0.00,0.00,0.00,0.00,0.00,0.00,0.00,0.00,0.00,0.00,1.00,0.00,Died during auto in front of human pkaher station. its connected? but still broken. crawled to thr barge to climb,4/4/2025 7:53pm
,81,1721,Rachel,1.00,0.00,0.00,0.00,0.00,0.00,0.00,0.00,0.00,0.00,0.00,5.00,0.00,0.00,0.00,1.00,0.00,Put algae in reds processer. bad time getting the cage on their mechanism.,4/4/2025 7:53pm
,82,501,Rachel,1.00,0.00,0.00,0.00,0.00,0.00,0.00,0.00,0.00,0.00,0.00,0.00,0.00,0.00,0.00,1.00,2.00,Nit realky doing anything. just hanging out,4/4/2025 7:53pm
,83,7127,Rachel,1.00,0.00,0.00,0.00,1.00,0.00,0.00,0.00,4.00,4.00,3.00,0.00,0.00,0.00,0.00,0.00,0.00,,4/4/2025 7:53pm
,84,133,Zander,1.00,0.00,0.00,0.00,3.00,0.00,0.00,0.00,2.00,4.00,3.00,0.00,3.00,0.00,0.00,1.00,0.00,Incredible!!,4/4/2025 7:53pm
,85,9101,Zander,1.00,0.00,0.00,0.00,0.00,0.00,0.00,0.00,2.00,1.00,0.00,0.00,0.00,0.00,0.00,0.00,0.00,Got stuck on an algae and wasnt rescued,4/4/2025 7:53pm
,86,509,Zander,1.00,0.00,0.00,0.00,0.00,0.00,1.00,0.00,0.00,0.00,0.00,0.00,5.00,0.00,0.00,1.00,0.00,Good at scoring in the barge,4/4/2025 7:53pm
,87,1071,Zander,1.00,0.00,0.00,0.00,1.00,0.00,0.00,0.00,0.00,0.00,1.00,0.00,0.00,1.00,0.00,0.00,4.00,Had a coral stuck inside their robot for most of the match. they descored some algae and played defense  ,4/4/2025 7:53pm
,88,125,Zander,1.00,0.00,0.00,0.00,2.00,0.00,0.00,1.00,0.00,5.00,1.00,0.00,2.00,0.00,0.00,0.00,0.00,They had some intake issues. for some reason they couldnt get the coral out to score. they also have a reslly fast climb,4/4/2025 7:53pm
,89,1073,Zander,1.00,0.00,0.00,0.00,2.00,0.00,0.00,1.00,0.00,0.00,3.00,0.00,2.00,0.00,0.00,1.00,0.00,,4/4/2025 7:53pm
,90,2064,Zander,1.00,0.00,0.00,0.00,0.00,0.00,0.00,0.00,2.00,3.00,0.00,0.00,0.00,1.00,0.00,0.00,0.00,,4/4/2025 7:53pm
,91,5687,Zander,1.00,0.00,0.00,0.00,4.00,0.00,0.00,0.00,2.00,4.00,2.00,2.00,1.00,0.00,0.00,1.00,0.00,Missed a few shots on the top level,4/4/2025 7:53pm
,92,4909,Zander,1.00,0.00,0.00,0.00,3.00,0.00,0.00,0.00,2.00,4.00,1.00,0.00,0.00,0.00,0.00,1.00,0.00,they missed a lot of coral shots,4/4/2025 7:53pm
,93,237,Zander,1.00,0.00,0.00,0.00,1.00,0.00,0.00,0.00,2.00,4.00,0.00,0.00,0.00,0.00,0.00,0.00,0.00,,4/4/2025 7:53pm
,94,4564,Zander,1.00,0.00,0.00,0.00,0.00,0.00,0.00,0.00,3.00,3.00,2.00,2.00,0.00,1.00,0.00,0.00,0.00,,4/4/2025 7:53pm
,95,1058,Zander,1.00,0.00,0.00,0.00,1.00,0.00,0.00,0.00,3.00,1.00,1.00,0.00,2.00,0.00,0.00,1.00,0.00,,4/4/2025 7:53pm
,96,125,Zander,1.00,0.00,0.00,0.00,3.00,0.00,0.00,1.00,2.00,5.00,5.00,0.00,0.00,0.00,0.00,1.00,0.00,,4/4/2025 7:53pm
,1,663,james,1.00,0.00,0.00,0.00,0.00,0.00,0.00,0.00,2.00,1.00,1.00,0.00,0.00,0.00,0.00,0.00,0.00,Dropped coral a lot. ,4/4/2025 7:54pm
,2,8626,james,1.00,0.00,0.00,0.00,0.00,0.00,0.00,0.00,0.00,0.00,0.00,0.00,5.00,0.00,0.00,0.00,0.00,Can only handle algae. ,4/4/2025 7:54pm
,3,1991,james,1.00,0.00,0.00,0.00,0.00,0.00,0.00,0.00,0.00,0.00,0.00,0.00,0.00,0.00,0.00,0.00,0.00,Couldn't see,4/4/2025 7:54pm
,5,2342,james,1.00,0.00,0.00,0.00,0.00,0.00,0.00,0.00,1.00,1.00,0.00,0.00,0.00,1.00,0.00,0.00,0.00,Still  can't see,4/4/2025 7:54pm
,6,6153,james,1.00,0.00,0.00,0.00,0.00,0.00,0.00,0.00,0.00,0.00,1.00,0.00,3.00,0.00,0.00,0.00,0.00,Dropped coral a lot. ,4/4/2025 7:54pm
,7,6328,james,1.00,0.00,0.00,0.00,1.00,0.00,0.00,0.00,2.00,3.00,2.00,1.00,0.00,0.00,0.00,0.00,0.00,It may be wrong,4/4/2025 7:54pm
,8,125,james,1.00,0.00,0.00,0.00,2.00,0.00,0.00,1.00,3.00,3.00,3.00,0.00,1.00,0.00,0.00,1.00,0.00,Can dislodge algae. ,4/4/2025 7:54pm
,9,1073,james,1.00,0.00,0.00,0.00,1.00,0.00,0.00,0.00,0.00,4.00,1.00,0.00,0.00,0.00,0.00,0.00,0.00,,4/4/2025 7:54pm
,10,509,james,1.00,0.00,0.00,0.00,0.00,0.00,0.00,0.00,0.00,0.00,0.00,0.00,7.00,0.00,0.00,1.00,0.00,Can only handle algae. ,4/4/2025 7:54pm
,11,6329,james,1.00,0.00,0.00,0.00,0.00,0.00,0.00,0.00,0.00,1.00,1.00,0.00,0.00,0.00,0.00,0.00,0.00,Climb early Can only handle algae. ,4/4/2025 7:54pm
,12,8013,james,1.00,0.00,0.00,0.00,0.00,0.00,0.00,0.00,0.00,0.00,0.00,0.00,0.00,0.00,0.00,0.00,4.00,Can only handle algae. Missed shooting algae into barge. Had technical issues. Played defense. ,4/4/2025 7:54pm
,13,8567,james,1.00,0.00,0.00,0.00,0.00,0.00,0.00,0.00,1.00,2.00,2.00,0.00,0.00,1.00,0.00,0.00,0.00,Overall good robot,4/4/2025 7:54pm
,14,4048,james,1.00,0.00,0.00,0.00,0.00,0.00,0.00,0.00,1.00,1.00,4.00,0.00,0.00,0.00,0.00,1.00,0.00,didn't score in auto,4/4/2025 7:54pm
,15,4909,james,1.00,0.00,0.00,0.00,2.00,0.00,0.00,1.00,0.00,3.00,3.00,0.00,0.00,0.00,0.00,1.00,0.00,,4/4/2025 7:54pm
,16,999,james,1.00,0.00,0.00,0.00,2.00,0.00,0.00,0.00,2.00,3.00,2.00,0.00,0.00,0.00,0.00,0.00,0.00,,4/4/2025 7:54pm
,17,2342,james,0.00,0.00,0.00,0.00,0.00,0.00,0.00,0.00,2.00,3.00,1.00,0.00,0.00,0.00,0.00,0.00,0.00,May be wrong can't see well,4/4/2025 7:54pm
,18,509,james,1.00,0.00,0.00,0.00,0.00,0.00,1.00,0.00,1.00,1.00,1.00,0.00,0.00,0.00,0.00,1.00,0.00,,4/4/2025 7:54pm
,19,166,james,1.00,0.00,0.00,0.00,2.00,0.00,0.00,0.00,2.00,3.00,1.00,0.00,0.00,0.00,0.00,0.00,0.00,,4/4/2025 7:54pm
,20,5422,james,1.00,0.00,0.00,0.00,1.00,0.00,0.00,0.00,0.00,0.00,3.00,0.00,0.00,0.00,0.00,0.00,0.00,Slow,4/4/2025 7:54pm
,22,1071,james,1.00,0.00,0.00,0.00,0.00,0.00,0.00,4.00,1.00,0.00,0.00,0.00,0.00,0.00,0.00,0.00,0.00,Almost drop this thing,4/4/2025 7:54pm
,23,190,logan,1.00,0.00,0.00,0.00,3.00,0.00,0.00,2.00,4.00,0.00,2.00,0.00,2.00,1.00,0.00,0.00,0.00,,4/4/2025 7:54pm
,24,7127,logan,1.00,1.00,0.00,0.00,1.00,0.00,0.00,0.00,4.00,5.00,3.00,0.00,0.00,0.00,0.00,0.00,0.00,,4/4/2025 7:54pm
,25,571,logan,1.00,0.00,0.00,0.00,0.00,0.00,0.00,0.00,0.00,7.00,0.00,0.00,0.00,0.00,0.00,0.00,0.00,,4/4/2025 7:54pm
,26,2648,Rachel,1.00,1.00,0.00,0.00,1.00,0.00,0.00,3.00,4.00,1.00,2.00,0.00,0.00,0.00,0.00,1.00,0.00,8/10 pretty good. missed some coral. shaky,4/4/2025 7:54pm
,27,8708,Rachel,1.00,0.00,0.00,0.00,2.00,0.00,0.00,0.00,1.00,1.00,5.00,0.00,0.00,0.00,0.00,0.00,0.00,7/10 slow coral alignment. ,4/4/2025 7:54pm
,28,181,Rachel,1.00,0.00,0.00,0.00,0.00,0.00,0.00,0.00,0.00,0.00,0.00,5.00,0.00,0.00,0.00,0.00,0.00,Got stuck on an algae. 3/10 slow bad processor scoring,4/4/2025 7:54pm
,29,3182,Rachel,1.00,0.00,0.00,0.00,0.00,0.00,0.00,0.00,5.00,2.00,0.00,0.00,0.00,1.00,0.00,0.00,0.00,6/10 decent l1 and l2 scoring,4/4/2025 7:54pm
,30,125,logan,1.00,0.00,0.00,0.00,2.00,0.00,0.00,0.00,2.00,3.00,6.00,0.00,3.00,0.00,0.00,1.00,0.00,,4/4/2025 7:54pm
,31,9101,logan,1.00,0.00,1.00,0.00,0.00,0.00,0.00,0.00,2.00,2.00,0.00,0.00,0.00,1.00,0.00,0.00,0.00,,4/4/2025 7:54pm
,32,1073,logan,1.00,0.00,0.00,0.00,1.00,0.00,0.00,0.00,4.00,0.00,0.00,0.00,0.00,0.00,0.00,1.00,0.00,,4/4/2025 7:54pm
,33,7153,logan,1.00,0.00,0.00,0.00,1.00,0.00,0.00,0.00,0.00,0.00,8.00,0.00,0.00,1.00,0.00,0.00,0.00,,4/4/2025 7:54pm
,34,155,logan,1.00,0.00,0.00,0.00,1.00,0.00,0.00,1.00,0.00,0.00,3.00,0.00,0.00,1.00,0.00,0.00,0.00,,4/4/2025 7:54pm
,35,3182,logan,1.00,1.00,0.00,0.00,0.00,0.00,0.00,0.00,3.00,4.00,0.00,0.00,0.00,0.00,0.00,1.00,0.00,,4/4/2025 7:54pm
,36,9644,James ,1.00,0.00,0.00,0.00,0.00,0.00,0.00,0.00,3.00,2.00,1.00,0.00,0.00,0.00,0.00,0.00,0.00,,4/4/2025 7:54pm
,39,4925,james ,1.00,0.00,0.00,0.00,0.00,0.00,0.00,0.00,0.00,0.00,0.00,0.00,0.00,0.00,0.00,0.00,2.00,Slow couldn't really block stayed still for most of the time Played defense. ,4/4/2025 7:54pm
,40,5422,james ,1.00,0.00,0.00,0.00,1.00,0.00,0.00,0.00,0.00,0.00,1.00,0.00,0.00,0.00,0.00,1.00,0.00,Drop some is not the most efficient,4/4/2025 7:54pm
,41,9101,james ,1.00,0.00,0.00,0.00,0.00,0.00,0.00,0.00,2.00,3.00,0.00,0.00,0.00,0.00,0.00,1.00,0.00,Stated to climb early,4/4/2025 7:54pm
,42,237,james ,1.00,0.00,0.00,0.00,1.00,0.00,0.00,0.00,0.00,0.00,1.00,2.00,0.00,0.00,0.00,0.00,0.00,Dropped coral a lot. ,4/4/2025 7:54pm
,43,2370,james ,1.00,0.00,0.00,0.00,0.00,0.00,0.00,0.00,0.00,1.00,2.00,0.00,0.00,1.00,0.00,0.00,0.00,Got defend,4/4/2025 7:54pm
,45,181,james ,0.00,0.00,0.00,0.00,0.00,0.00,0.00,0.00,0.00,0.00,0.00,1.00,2.00,1.00,0.00,0.00,0.00,Can only handle algae. ,4/4/2025 7:54pm
,47,501,Jean,1.00,0.00,0.00,0.00,0.00,0.00,0.00,0.00,0.00,0.00,0.00,0.00,0.00,0.00,0.00,1.00,7.00,defense is getting better. they don't got penalised. and they can climb.,4/4/2025 7:54pm
,48,663,Jean,1.00,0.00,0.00,0.00,0.00,0.00,0.00,0.00,2.00,1.00,4.00,0.00,0.00,1.00,0.00,0.00,0.00,"robot drives sort of jerkily. 

auto misaligned so missed putting a coral on.",4/4/2025 7:54pm
,49,10066,Jean,1.00,1.00,0.00,0.00,0.00,0.00,0.00,8.00,0.00,0.00,0.00,0.00,0.00,1.00,0.00,0.00,0.00,Auto has been improved. they drop off a coral and then head to the processor before auto ends.,4/4/2025 7:54pm
,50,8567,Jean,1.00,0.00,0.00,0.00,0.00,0.00,0.00,0.00,2.00,3.00,3.00,2.00,0.00,0.00,0.00,0.00,0.00,chose to score points vs parking. Good decision in this match.,4/4/2025 7:54pm
,51,4925,Jean,1.00,0.00,0.00,0.00,0.00,0.00,0.00,0.00,0.00,0.00,0.00,0.00,0.00,0.00,0.00,0.00,2.00,ppoor defense. did around and created a penalty that cost us the match,4/4/2025 7:54pm
,52,6329,jean,1.00,0.00,0.00,0.00,1.00,0.00,0.00,0.00,0.00,0.00,0.00,0.00,0.00,0.00,0.00,1.00,0.00,Kindle glitched and had to be restarted. no real scoring data. auto glitches and stored at processor. beached for about 15 seconds.,4/4/2025 7:54pm
,53,155,Jean,1.00,0.00,0.00,0.00,1.00,0.00,0.00,0.00,0.00,0.00,4.00,0.00,0.00,1.00,0.00,0.00,0.00,,4/4/2025 7:54pm
,54,9710,Jean,1.00,0.00,0.00,0.00,0.00,0.00,0.00,0.00,0.00,1.00,1.00,0.00,0.00,1.00,0.00,0.00,2.00,Meh.,4/4/2025 7:54pm
,55,8626,Jean,1.00,0.00,0.00,0.00,0.00,0.00,0.00,0.00,0.00,0.00,0.00,0.00,8.00,1.00,0.00,0.00,0.00,algae gets into barge 2/3 of the time. took algae from both sides.,4/4/2025 7:54pm
,56,1721,Jean,1.00,0.00,0.00,0.00,0.00,0.00,0.00,0.00,0.00,0.00,0.00,0.00,0.00,1.00,0.00,0.00,4.00,slowed down the opposing alliance a bit,4/4/2025 7:54pm
,57,10066,Jean,1.00,0.00,0.00,0.00,0.00,0.00,0.00,9.00,0.00,0.00,0.00,0.00,0.00,1.00,0.00,0.00,0.00,,4/4/2025 7:54pm
,58,7153,james,1.00,0.00,0.00,0.00,1.00,0.00,0.00,0.00,0.00,2.00,2.00,0.00,0.00,1.00,0.00,0.00,0.00,Tried to hang but failed.  climb early,4/4/2025 7:54pm
,59,509,james,1.00,0.00,0.00,0.00,0.00,0.00,0.00,0.00,0.00,0.00,0.00,0.00,8.00,0.00,0.00,1.00,0.00,Can only handle algae. ,4/4/2025 7:54pm
,60,7127,james,1.00,0.00,0.00,0.00,0.00,0.00,0.00,0.00,0.00,3.00,4.00,0.00,0.00,1.00,0.00,0.00,0.00,,4/4/2025 7:54pm
,61,1721,james,0.00,0.00,0.00,0.00,0.00,0.00,0.00,0.00,0.00,0.00,0.00,4.00,0.00,1.00,0.00,0.00,0.00,Can only handle algae. Can only handle algae. ,4/4/2025 7:54pm
,62,4564,james,1.00,0.00,0.00,0.00,2.00,0.00,0.00,0.00,3.00,2.00,1.00,0.00,0.00,1.00,0.00,0.00,0.00,,4/4/2025 7:54pm
,63,1071,james,1.00,0.00,0.00,0.00,1.00,0.00,0.00,0.00,2.00,2.00,2.00,0.00,0.00,1.00,0.00,0.00,0.00,,4/4/2025 7:54pm
,64,181,james,1.00,0.00,0.00,0.00,0.00,0.00,0.00,0.00,0.00,0.00,0.00,0.00,2.00,0.00,0.00,0.00,4.00,Can only handle algae. Dropped algae a lot. Played defense.  park in fount of player ,4/4/2025 7:54pm
,65,571,james,1.00,0.00,0.00,0.00,1.00,0.00,0.00,2.00,1.00,2.00,0.00,0.00,0.00,1.00,0.00,0.00,0.00,,4/4/2025 7:54pm
,66,1721,james,1.00,0.00,0.00,0.00,0.00,0.00,0.00,0.00,0.00,0.00,0.00,4.00,0.00,0.00,0.00,1.00,0.00,Can only handle algae. ,4/4/2025 7:54pm
,67,190,Jean,1.00,0.00,0.00,0.00,4.00,0.00,0.00,0.00,2.00,4.00,5.00,0.00,1.00,0.00,0.00,1.00,0.00,,4/4/2025 7:54pm
,68,2342,Jean,1.00,0.00,0.00,0.00,0.00,0.00,0.00,0.00,0.00,3.00,6.00,0.00,0.00,0.00,0.00,1.00,0.00,reckless driving for first minute. then called down and was move successful.,4/4/2025 7:54pm
,69,5687,Jean,1.00,0.00,0.00,1.00,4.00,0.00,0.00,3.00,4.00,4.00,5.00,1.00,0.00,1.00,0.00,0.00,0.00,,4/4/2025 7:54pm
,70,3467,Jean,1.00,0.00,0.00,0.00,1.00,0.00,0.00,0.00,4.00,6.00,3.00,4.00,0.00,0.00,0.00,1.00,0.00,,4/4/2025 7:54pm
,71,230,Jean,1.00,0.00,0.00,0.00,2.00,0.00,0.00,0.00,4.00,4.00,1.00,2.00,0.00,1.00,0.00,0.00,0.00,Almost3 auto. Had issues getting coral from human player at end.,4/4/2025 7:54pm
,72,125,Jennifer,1.00,0.00,0.00,0.00,2.00,0.00,0.00,0.00,0.00,3.00,4.00,0.00,3.00,0.00,0.00,1.00,0.00,drop one at reef. had issues getting coral from human due to defense bot 501,4/4/2025 7:54pm
,73,166,Jennifer,1.00,0.00,0.00,0.00,2.00,0.00,0.00,0.00,4.00,4.00,3.00,0.00,0.00,0.00,0.00,1.00,0.00,Drop one coral at reef.,4/4/2025 7:54pm
,74,571,Jennifer,1.00,0.00,0.00,2.00,0.00,0.00,0.00,4.00,5.00,5.00,0.00,0.00,0.00,0.00,0.00,0.00,0.00,"Missed one at L1. Good job going back and forth filling reef at L1-3. At auto, remove a coral to add ",4/4/2025 7:54pm
,75,4048,Jennifer,1.00,0.00,0.00,0.00,2.00,0.00,0.00,0.00,0.00,4.00,5.00,0.00,0.00,0.00,0.00,1.00,0.00,Missed one at reef. nice job going bank and forth filling the reef.,4/4/2025 7:54pm
,76,95,Jennifer,1.00,0.00,0.00,0.00,3.00,0.00,0.00,0.00,0.00,0.00,9.00,0.00,0.00,0.00,0.00,1.00,0.00,Very nice smooth operation filling the reef.,4/4/2025 7:54pm
,77,501,Jennifer,0.00,0.00,0.00,0.00,0.00,0.00,0.00,0.00,0.00,0.00,0.00,0.00,0.00,0.00,0.00,1.00,6.00,Played defense. Other Alliance still gained 180 points.,4/4/2025 7:54pm
,78,1058,Jennifer,1.00,0.00,0.00,0.00,0.00,0.00,0.00,0.00,0.00,0.00,0.00,0.00,0.00,1.00,0.00,0.00,8.00,Played defense. ,4/4/2025 7:54pm
,79,133,Jennifer,1.00,0.00,0.00,0.00,3.00,0.00,0.00,0.00,1.00,7.00,4.00,0.00,0.00,0.00,0.00,1.00,0.00,Dropped one at reef. please pick us for alliance. they are awesome!!!!,4/4/2025 7:54pm
,80,155,Jennifer,1.00,0.00,0.00,0.00,1.00,0.00,0.00,0.00,3.00,1.00,3.00,0.00,0.00,0.00,0.00,1.00,0.00,Can't take algae off reef so wasted time trying to place coral.,4/4/2025 7:54pm
,81,10066,Jennifer,1.00,0.00,0.00,0.00,0.00,0.00,0.00,5.00,0.00,0.00,0.00,0.00,0.00,1.00,0.00,0.00,0.00,,4/4/2025 7:54pm
,82,4925,DAB,1.00,0.00,0.00,0.00,0.00,0.00,0.00,0.00,0.00,3.00,1.00,0.00,0.00,0.00,0.00,0.00,0.00,Missed a lot of Coral,4/4/2025 7:54pm
,83,5422,DAB,1.00,0.00,0.00,0.00,1.00,0.00,0.00,0.00,1.00,2.00,5.00,0.00,0.00,1.00,0.00,0.00,0.00,Missed quite a few,4/4/2025 7:54pm
,84,2423,DAB,1.00,0.00,0.00,0.00,2.00,0.00,0.00,0.00,4.00,1.00,4.00,0.00,0.00,0.00,0.00,1.00,0.00,,4/4/2025 7:54pm
,85,999,DAB,1.00,0.00,0.00,0.00,2.00,0.00,0.00,0.00,0.00,5.00,2.00,0.00,0.00,0.00,0.00,1.00,0.00,,4/4/2025 7:54pm
,86,7153,DAB,1.00,0.00,0.00,0.00,1.00,0.00,0.00,0.00,0.00,0.00,1.00,0.00,5.00,1.00,0.00,0.00,0.00,,4/4/2025 7:54pm
,87,3182,DAB,1.00,1.00,0.00,0.00,0.00,0.00,0.00,0.00,4.00,5.00,0.00,0.00,0.00,0.00,0.00,1.00,0.00,,4/4/2025 7:54pm
,88,9710,DAB,1.00,0.00,0.00,0.00,1.00,0.00,0.00,0.00,0.00,0.00,1.00,0.00,0.00,0.00,0.00,0.00,0.00,Lost connection.,4/4/2025 7:54pm
,89,2423,DAB,1.00,0.00,0.00,0.00,1.00,0.00,0.00,0.00,5.00,0.00,4.00,0.00,0.00,0.00,0.00,1.00,0.00,Dropped 2 coral at reef. got in way of 133 getting coral fro. human players.,4/4/2025 7:54pm
,90,2648,Jennifer,1.00,0.00,0.00,0.00,2.00,0.00,0.00,0.00,0.00,3.00,6.00,0.00,0.00,0.00,0.00,1.00,0.00,"Smooth driving, shaky placement of coral",4/4/2025 7:54pm
,91,663,Jennifer,1.00,0.00,0.00,0.00,1.00,0.00,0.00,0.00,2.00,1.00,6.00,0.00,0.00,1.00,0.00,0.00,0.00,"After501 did defense, they had issues getting coral on L3&4.",4/4/2025 7:54pm
,92,8567,Jennifer,1.00,0.00,0.00,0.00,0.00,0.00,0.00,0.00,2.00,5.00,3.00,0.00,0.00,1.00,0.00,0.00,0.00,Missed 2 auto attempts. missed 2 reef attempts.,4/4/2025 7:54pm
,93,2370,Jennifer,1.00,0.00,0.00,0.00,1.00,0.00,0.00,0.00,3.00,3.00,1.00,1.00,0.00,0.00,0.00,1.00,0.00,Missed1 in auto. dropped several at reef,4/4/2025 7:54pm
,94,3182,Jennifer,1.00,0.00,0.00,0.00,0.00,0.00,0.00,0.00,4.00,4.00,0.00,0.00,0.00,0.00,0.00,1.00,0.00,Dropped some at reef.,4/4/2025 7:54pm
,95,95,Jennifer,1.00,0.00,0.00,0.00,3.00,0.00,0.00,5.00,0.00,0.00,8.00,0.00,0.00,1.00,0.00,0.00,0.00,,4/4/2025 7:54pm
,96,3467,Jennifer,1.00,0.00,0.00,0.00,0.00,0.00,0.00,0.00,2.00,1.00,1.00,0.00,2.00,0.00,0.00,1.00,0.00,"Auto failed, maybe due to Alliance bot too close to them? shot coral on floor.      dropped several trying to score on reef. bumped by defense an didn't score algae in barge.",4/4/2025 7:54pm
,1,1729,Zander,1.00,0.00,0.00,0.00,0.00,0.00,0.00,0.00,2.00,2.00,3.00,2.00,0.00,1.00,0.00,0.00,0.00,Had some issues grabbing/holding algae at the start. attempted a deep climb,4/4/2025 7:55pm
,2,3467,Zander,0.00,0.00,0.00,0.00,1.00,0.00,0.00,1.00,4.00,2.00,5.00,1.00,0.00,0.00,0.00,1.00,0.00,,4/4/2025 7:55pm
,3,9710,Zander,1.00,0.00,0.00,0.00,0.00,0.00,0.00,1.00,1.00,1.00,3.00,0.00,0.00,0.00,0.00,0.00,0.00,slow scoring. has a little trouble lining up to score,4/4/2025 7:55pm
,4,2370,Zander,1.00,0.00,0.00,0.00,1.00,0.00,0.00,0.00,3.00,2.00,5.00,0.00,0.00,0.00,0.00,1.00,0.00,Had a little trouble with intake from human player station. seems like a small target,4/4/2025 7:55pm
,5,133,Zander,1.00,0.00,0.00,0.00,2.00,0.00,0.00,0.00,4.00,4.00,4.00,0.00,1.00,0.00,0.00,1.00,0.00,Wow!!,4/4/2025 7:55pm
,6,5422,Zander,0.00,0.00,0.00,0.00,0.00,0.00,0.00,0.00,4.00,3.00,1.00,0.00,0.00,1.00,0.00,0.00,0.00,Auto looked like they were trying to climb. ,4/4/2025 7:55pm
,7,8013,Zander,1.00,0.00,0.00,0.00,1.00,0.00,1.00,0.00,0.00,1.00,1.00,0.00,5.00,0.00,0.00,1.00,0.00,Incredibly consistent scoring in the barge,4/4/2025 7:55pm
,8,5687,Zander,1.00,0.00,0.00,0.00,4.00,0.00,0.00,1.00,4.00,5.00,2.00,1.00,1.00,0.00,0.00,1.00,0.00,Very fast. can pickup from the ground,4/4/2025 7:55pm
,9,8626,Zander,1.00,0.00,0.00,0.00,0.00,0.00,0.00,0.00,0.00,0.00,0.00,3.00,1.00,0.00,0.00,0.00,0.00,Got stuck on a coral after chasing it and popped it. extremely zoomy and wobbly,4/4/2025 7:55pm
,10,3467,Zander,1.00,0.00,0.00,0.00,3.00,0.00,0.00,0.00,3.00,2.00,5.00,0.00,1.00,0.00,0.00,1.00,0.00,,4/4/2025 7:55pm
,11,6153,Zander,1.00,0.00,0.00,0.00,0.00,0.00,0.00,0.00,1.00,1.00,1.00,1.00,0.00,0.00,0.00,1.00,0.00,Climbed at 40 seconds to go. looked like they had some issues with intake before that. ,4/4/2025 7:55pm
,12,4925,Zander,1.00,0.00,0.00,0.00,0.00,0.00,0.00,0.00,0.00,0.00,0.00,0.00,0.00,1.00,0.00,0.00,0.00,Something was very wrong. couldn't intake coral? they had some LEDs that kept flashing red. ,4/4/2025 7:55pm
,13,8544,Zander,1.00,0.00,0.00,0.00,0.00,0.00,0.00,0.00,0.00,1.00,0.00,2.00,0.00,0.00,0.00,1.00,0.00,rather slow. ,4/4/2025 7:55pm
,14,5687,Zander,1.00,0.00,0.00,0.00,4.00,0.00,0.00,0.00,0.00,0.00,0.00,0.00,0.00,0.00,0.00,1.00,7.00,Movement started stuttering after auto and they went to play defense because they couldn't score either. couldn't see what happened,4/4/2025 7:55pm
,15,155,Zander,1.00,0.00,0.00,0.00,1.00,0.00,0.00,0.00,2.00,0.00,0.00,0.00,0.00,0.00,0.00,1.00,4.00,Scored a couple coral and moved to defense halfway through the match,4/4/2025 7:55pm
,16,2064,Zander,1.00,0.00,0.00,1.00,0.00,0.00,0.00,1.00,3.00,4.00,0.00,0.00,0.00,0.00,0.00,1.00,0.00,Had an issue before the match started but it didn't seem to affect performance. seemed like decent scoring once they got going,4/4/2025 7:55pm
,17,501,Zander,1.00,0.00,0.00,0.00,0.00,0.00,0.00,0.00,0.00,0.00,0.00,0.00,0.00,1.00,0.00,0.00,7.00,Tried to score in the processor and popped an algae. swapped to defense and did pretty good ,4/4/2025 7:55pm
,18,1991,Zander,1.00,1.00,0.00,0.00,0.00,0.00,0.00,0.00,0.00,0.00,0.00,1.00,0.00,1.00,0.00,0.00,4.00,Didn't prioritize the right bot to block while doing defense but blocked okay,4/4/2025 7:55pm
,19,9644,Zander,1.00,0.00,0.00,0.00,1.00,0.00,0.00,2.00,1.00,2.00,2.00,0.00,0.00,0.00,0.00,0.00,0.00,Very bad at level one scoring. made 6 or 7 shots and got 2. ,4/4/2025 7:55pm
,20,2648,Zander,1.00,0.00,0.00,0.00,1.00,0.00,0.00,0.00,1.00,3.00,1.00,1.00,0.00,0.00,0.00,1.00,0.00,,4/4/2025 7:55pm
,21,181,Zander,0.00,0.00,0.00,0.00,0.00,0.00,0.00,0.00,0.00,0.00,0.00,2.00,1.00,1.00,0.00,0.00,0.00,That was painful to watch. they struggled with everything they did the whole match,4/4/2025 7:55pm
,22,7153,Zander,1.00,0.00,0.00,0.00,1.00,0.00,0.00,5.00,0.00,3.00,1.00,0.00,0.00,0.00,0.00,0.00,0.00,,4/4/2025 7:55pm
,23,246,Zander,1.00,0.00,0.00,0.00,0.00,0.00,0.00,0.00,0.00,0.00,0.00,0.00,0.00,1.00,0.00,0.00,2.00,Pure defense this match. not great at it. they were a minor inconvenience and didn't really block anything ,4/4/2025 7:55pm
,24,4564,Zander,1.00,0.00,0.00,0.00,1.00,0.00,0.00,0.00,2.00,2.00,3.00,0.00,0.00,1.00,0.00,0.00,0.00,,4/4/2025 7:55pm
,25,1729,Zander,1.00,0.00,0.00,0.00,0.00,0.00,0.00,0.00,0.00,0.00,0.00,0.00,0.00,1.00,0.00,0.00,6.00,Missed all 3 shots in auto. couldn't grab coral at human player station and went to play defense. played fairly aggressively,4/4/2025 7:55pm
,26,237,Zander,1.00,0.00,0.00,0.00,0.00,0.00,0.00,0.00,1.00,2.00,0.00,0.00,0.00,0.00,0.00,0.00,0.00,descored a lot of algae to begin with. not a lot of scoring,4/4/2025 7:55pm
,27,5687,Zander,1.00,0.00,0.00,0.00,4.00,0.00,0.00,0.00,3.00,3.00,1.00,0.00,0.00,0.00,0.00,1.00,0.00,Still really fast ,4/4/2025 7:55pm
,28,1991,Zander,1.00,0.00,0.00,0.00,0.00,0.00,0.00,0.00,0.00,0.00,0.00,5.00,0.00,0.00,0.00,0.00,0.00,Can only do algae in the processor,4/4/2025 7:55pm
,29,190,Zander,1.00,0.00,0.00,0.00,2.00,0.00,0.00,4.00,0.00,3.00,4.00,0.00,1.00,1.00,0.00,0.00,0.00,,4/4/2025 7:55pm
,30,10066,Zander,1.00,1.00,0.00,0.00,0.00,0.00,0.00,8.00,0.00,0.00,0.00,0.00,0.00,1.00,0.00,0.00,0.00,They're a little slow but they're good at what they do,4/4/2025 7:55pm
,31,2423,Zander,1.00,0.00,0.00,0.00,2.00,0.00,0.00,0.00,4.00,3.00,3.00,2.00,0.00,0.00,0.00,1.00,0.00,Good scoring,4/4/2025 7:55pm
,32,6328,Zander,1.00,0.00,0.00,0.00,3.00,0.00,0.00,0.00,3.00,5.00,1.00,2.00,0.00,0.00,0.00,1.00,0.00,When they go too fast the coral from the human play station doesn't stay in the robot,4/4/2025 7:55pm
,33,571,Zander,1.00,0.00,0.00,3.00,0.00,0.00,0.00,0.00,8.00,8.00,0.00,0.00,0.00,0.00,0.00,0.00,0.00,They can descore algae in auto. they also sometimes just move the algae up a level instead of getting rid of it. ,4/4/2025 7:55pm
,34,1729,Zander,1.00,0.00,0.00,0.00,1.00,0.00,0.00,0.00,2.00,4.00,1.00,0.00,1.00,0.00,0.00,1.00,0.00,,4/4/2025 7:55pm
,35,663,Zander,1.00,0.00,0.00,0.00,1.00,0.00,0.00,1.00,1.00,1.00,4.00,0.00,0.00,0.00,0.00,0.00,0.00,They did a bottle flip with the coral to score it on level 1. that was cool to watch. not sure if it was on purpose or not,4/4/2025 7:55pm
,36,7127,Zander,1.00,0.00,0.00,0.00,2.00,0.00,0.00,0.00,4.00,5.00,4.00,0.00,0.00,1.00,0.00,0.00,0.00,,4/4/2025 7:55pm
,37,1721,Zander,1.00,0.00,0.00,0.00,0.00,0.00,0.00,0.00,0.00,0.00,0.00,3.00,0.00,1.00,0.00,0.00,0.00,,4/4/2025 7:55pm
,39,6329,Nathaniel,1.00,0.00,0.00,0.00,3.00,0.00,0.00,0.00,4.00,4.00,7.00,0.00,4.00,0.00,0.00,1.00,0.00,"Insanely good, 18 total coral from them alone, and 4 algae",4/4/2025 7:55pm
,40,9710,Nathaniel,1.00,0.00,0.00,0.00,1.00,0.00,0.00,0.00,1.00,1.00,2.00,0.00,0.00,0.00,0.00,0.00,0.00,"Slow robot, struggles moving dropped pieces from in front of it causing it to take forever to get a piece if its not flush with the hp station",4/4/2025 7:55pm
,41,10066,Nathaniel,1.00,1.00,0.00,0.00,0.00,0.00,0.00,5.00,0.00,0.00,0.00,0.00,0.00,1.00,0.00,0.00,0.00,Dropped coral a lot. Can only do l1 coral no algae or other levels,4/4/2025 7:55pm
,42,571,Nathaniel,1.00,0.00,0.00,2.00,0.00,0.00,0.00,1.00,8.00,8.00,0.00,0.00,0.00,1.00,0.00,0.00,0.00,"Very interesting auto, dislodged 3 algae while doing l3 in auto, they are really good but I don't think they can climb",4/4/2025 7:55pm
,43,4048,Nathaniel,1.00,0.00,1.00,0.00,0.00,0.00,0.00,0.00,3.00,3.00,3.00,0.00,0.00,1.00,0.00,0.00,0.00,Got beached for a few seconds and dropped a few coral Incuring one penalty,4/4/2025 7:55pm
,44,1073,Nathaniel,1.00,0.00,0.00,0.00,2.00,0.00,0.00,1.00,3.00,2.00,0.00,0.00,0.00,0.00,0.00,1.00,0.00,"Spent too long trying to dislodge a single algae then gave up and went back to scoring l2 and l3, missing out on 3 or 4 potential coral",4/4/2025 7:55pm
,45,8013,Nathaniel,1.00,0.00,0.00,0.00,0.00,0.00,1.00,1.00,1.00,3.00,4.00,0.00,0.00,1.00,0.00,0.00,0.00,Tried to hang but failed. ,4/4/2025 7:55pm
,46,2342,Nathaniel,1.00,0.00,0.00,0.00,0.00,0.00,0.00,0.00,4.00,4.00,2.00,0.00,0.00,0.00,0.00,1.00,0.00,"Dropped coral a lot at hp station, otherwise fairly good",4/4/2025 7:55pm
,47,6329,Nathaniel,1.00,0.00,0.00,0.00,3.00,0.00,0.00,0.00,3.00,6.00,5.00,0.00,3.00,0.00,0.00,1.00,0.00,"Robot is very fast I lost track of it for a second when looking at the tablet to score them, very good but you already knew that.",4/4/2025 7:55pm
,48,2423,Nathaniel,1.00,0.00,0.00,0.00,1.00,0.00,0.00,0.00,3.00,6.00,2.00,0.00,0.00,0.00,0.00,1.00,0.00,Dropped 2 coral in auto and a few more in teleop,4/4/2025 7:55pm
,49,1058,Nathaniel,1.00,1.00,0.00,0.00,0.00,0.00,0.00,0.00,0.00,2.00,5.00,0.00,0.00,0.00,0.00,1.00,0.00,"Dropped coral a lot, 6 dropped with 7 scored, dropped all coral in auto but one landed in l1 when going for l4",4/4/2025 7:55pm
,50,1073,Nathaniel,1.00,0.00,0.00,0.00,2.00,0.00,0.00,1.00,2.00,0.00,1.00,0.00,0.00,0.00,0.00,1.00,0.00,Fought with teammate trying to score on back side of reef,4/4/2025 7:55pm
,51,133,Nathaniel,1.00,0.00,0.00,0.00,3.00,0.00,0.00,5.00,0.00,3.00,3.00,0.00,4.00,0.00,0.00,1.00,0.00,"Hi Clayton, dropped 1 when going for level 1, won against rank 1 alliance and won solely on penalties from other alliance 190-195 ",4/4/2025 7:55pm
,52,9644,Nathaniel,1.00,0.00,0.00,0.00,1.00,0.00,0.00,4.00,3.00,4.00,5.00,0.00,0.00,1.00,0.00,0.00,0.00,Missed first coral in auto but can dislodge the algae when going to score l4,4/4/2025 7:55pm
,53,230,Nathaniel,1.00,0.00,0.00,0.00,1.00,0.00,0.00,0.00,1.00,2.00,7.00,0.00,0.00,0.00,0.00,1.00,0.00,,4/4/2025 7:55pm
,54,246,Nathaniel,1.00,0.00,0.00,0.00,0.00,0.00,0.00,0.00,3.00,2.00,5.00,2.00,0.00,1.00,0.00,0.00,0.00,,4/4/2025 7:55pm
,55,2342,Nathaniel,1.00,0.00,0.00,0.00,2.00,0.00,0.00,1.00,4.00,7.00,0.00,0.00,0.00,1.00,0.00,0.00,0.00,Helped 95 off of an algae in the end,4/4/2025 7:55pm
,56,166,Nathaniel,1.00,0.00,0.00,0.00,1.00,0.00,0.00,0.00,0.00,0.00,4.00,3.00,0.00,0.00,0.00,1.00,0.00,Got a coral stuck inside. ,4/4/2025 7:55pm
,57,999,Nathaniel,1.00,0.00,0.00,0.00,1.00,0.00,0.00,0.00,2.00,4.00,4.00,0.00,0.00,0.00,0.00,1.00,0.00,Caused a penalty. ,4/4/2025 7:55pm
,58,4048,Nathaniel,1.00,1.00,1.00,0.00,0.00,0.00,0.00,0.00,2.00,4.00,2.00,0.00,0.00,0.00,0.00,1.00,0.00,,4/4/2025 7:55pm
,59,8708,Nathaniel,1.00,0.00,0.00,0.00,1.00,0.00,0.00,0.00,3.00,4.00,4.00,0.00,0.00,0.00,0.00,1.00,0.00,,4/4/2025 7:55pm
,60,3182,Nathaniel,1.00,1.00,0.00,0.00,0.00,0.00,0.00,0.00,4.00,4.00,0.00,0.00,0.00,0.00,0.00,1.00,0.00,Can pick from the floor. ,4/4/2025 7:55pm
,61,8626,Nathaniel,1.00,0.00,0.00,0.00,0.00,0.00,0.00,0.00,0.00,0.00,0.00,0.00,6.00,1.00,0.00,0.00,0.00,Shot one and missed ended up hitting both a scorer and a photographer with an algae can only do algae,4/4/2025 7:55pm
,62,8013,Nathaniel,1.00,0.00,0.00,0.00,1.00,0.00,1.00,0.00,2.00,3.00,3.00,0.00,2.00,0.00,0.00,1.00,0.00,,4/4/2025 7:55pm
,63,3467,Nathaniel,1.00,0.00,0.00,0.00,3.00,0.00,0.00,0.00,3.00,2.00,5.00,2.00,1.00,0.00,0.00,1.00,0.00,,4/4/2025 7:55pm
,64,2648,Nathaniel,1.00,0.00,0.00,0.00,2.00,0.00,0.00,0.00,1.00,8.00,3.00,0.00,0.00,0.00,0.00,1.00,0.00,,4/4/2025 7:55pm
,65,8708,Nathaniel,1.00,0.00,0.00,0.00,1.00,0.00,0.00,1.00,3.00,2.00,1.00,0.00,0.00,0.00,0.00,1.00,0.00,,4/4/2025 7:55pm
,66,2370,Nathaniel,1.00,0.00,0.00,0.00,2.00,0.00,0.00,1.00,5.00,4.00,5.00,0.00,0.00,0.00,0.00,1.00,0.00,,4/4/2025 7:55pm
,67,6328,Nathaniel,1.00,0.00,0.00,0.00,0.00,0.00,0.00,2.00,5.00,2.00,1.00,2.00,3.00,0.00,0.00,1.00,0.00,Looked like they had issues with their handoff system at the very end of the match and dropped 3 coral,4/4/2025 7:55pm
,68,9710,Nathaniel,1.00,0.00,0.00,0.00,0.00,0.00,0.00,0.00,0.00,0.00,4.00,0.00,0.00,0.00,0.00,0.00,0.00,"Slow robot, can do all levels but not fast and tends to drop pieces",4/4/2025 7:55pm
,69,1071,Nathaniel,1.00,0.00,0.00,0.00,1.00,0.00,0.00,1.00,4.00,6.00,1.00,0.00,0.00,0.00,0.00,1.00,0.00,Not sure if they lasted long enough or dropped too fast after the match ended to be considered as climbed,4/4/2025 7:55pm
,70,2648,Nathaniel,1.00,0.00,0.00,0.00,1.00,0.00,0.00,1.00,0.00,4.00,5.00,0.00,1.00,1.00,0.00,0.00,0.00,,4/4/2025 7:55pm
,71,8567,Nathaniel,1.00,0.00,0.00,0.00,1.00,0.00,0.00,0.00,0.00,3.00,0.00,1.00,0.00,0.00,0.00,0.00,0.00,"Very sketchy way of putting them on, half of the coral it put on only partially on the peg and one wrong hit and it'd come right off.",4/4/2025 7:55pm
,72,4909,Nathaniel,1.00,0.00,0.00,0.00,3.00,0.00,0.00,0.00,2.00,5.00,3.00,0.00,0.00,0.00,0.00,1.00,0.00,Did well even with 1729 constantly playing defense against them,4/4/2025 7:55pm
,73,4925,Nathaniel,1.00,1.00,0.00,0.00,0.00,0.00,0.00,2.00,0.00,1.00,2.00,0.00,0.00,1.00,0.00,0.00,0.00,"Slow and inaccurate, also super tippy even with everything all the way down",4/4/2025 7:55pm
,74,190,Nathaniel,1.00,0.00,0.00,0.00,2.00,0.00,0.00,4.00,4.00,4.00,3.00,1.00,1.00,0.00,0.00,1.00,0.00,Insane robot,4/4/2025 7:55pm
,75,6329,Nathaniel,1.00,0.00,0.00,0.00,3.00,0.00,0.00,0.00,8.00,7.00,2.00,2.00,0.00,0.00,0.00,1.00,0.00,Insane,4/4/2025 7:55pm
,76,1991,Nathaniel,1.00,0.00,0.00,0.00,0.00,0.00,0.00,0.00,0.00,0.00,0.00,3.00,0.00,1.00,0.00,0.00,0.00,"While the field was being cleared out before it started they dropped the starting coral and had to fix it, and then dropped it again when the match started, played anti-defence locking the other defence bot in the blue side and causing it to be less ",4/4/2025 7:55pm
,77,230,Nathaniel,1.00,0.00,0.00,0.00,2.00,0.00,0.00,0.00,0.00,4.00,3.00,1.00,0.00,0.00,0.00,1.00,0.00,,4/4/2025 7:55pm
,78,1729,Nathaniel,1.00,0.00,0.00,0.00,1.00,0.00,0.00,0.00,1.00,4.00,4.00,2.00,0.00,0.00,0.00,1.00,0.00,Dropped a piece in auto and takes a minute to get a new piece from the hp station,4/4/2025 7:55pm
,79,1071,Nathaniel,1.00,0.00,0.00,0.00,0.00,0.00,0.00,0.00,0.00,2.00,6.00,0.00,0.00,0.00,0.00,1.00,0.00,,4/4/2025 7:55pm
,80,999,Nathaniel,1.00,0.00,0.00,0.00,1.00,0.00,0.00,1.00,2.00,2.00,3.00,1.00,0.00,0.00,0.00,1.00,0.00,,4/4/2025 7:55pm
,81,95,Nathaniel,1.00,0.00,0.00,0.00,3.00,0.00,0.00,0.00,0.00,0.00,9.00,0.00,0.00,0.00,0.00,1.00,0.00,Can pick from the floor. Can dislodge algae. ,4/4/2025 7:55pm
,82,6153,Nathaniel,1.00,0.00,0.00,0.00,0.00,0.00,0.00,0.00,0.00,0.00,0.00,4.00,1.00,0.00,0.00,1.00,0.00,Missed shooting algae into barge. Put 2 algae into other teams processor to get the co-op rp,4/4/2025 7:55pm
,83,4909,Nathaniel,1.00,0.00,0.00,0.00,3.00,0.00,0.00,0.00,4.00,4.00,2.00,0.00,0.00,0.00,0.00,1.00,0.00,,4/4/2025 7:55pm
,84,181,Nathaniel,1.00,0.00,0.00,0.00,0.00,0.00,0.00,0.00,0.00,0.00,0.00,2.00,4.00,1.00,0.00,0.00,0.00,"Missed shooting algae into barge. Algae only, occasionally drops algae when scoring",4/4/2025 7:55pm
,85,246,Nathaniel,1.00,0.00,0.00,0.00,0.00,0.00,0.00,0.00,4.00,1.00,2.00,1.00,1.00,0.00,0.00,0.00,0.00,They scored a l1 but then when doing a l2 accidentally descored the l1,4/4/2025 7:55pm
,86,155,Nathaniel,1.00,0.00,0.00,0.00,0.00,0.00,0.00,0.00,2.00,3.00,4.00,0.00,0.00,0.00,0.00,1.00,0.00,,4/4/2025 7:55pm
,87,8567,Nathaniel,1.00,0.00,0.00,0.00,1.00,0.00,0.00,0.00,0.00,1.00,7.00,0.00,0.00,1.00,0.00,0.00,0.00,"Put a single coral on l3 but it isn't scored bc they couldn't get the algae out, I still counted it as scored bc they can put it there and have it stick but nobody unlocked the spot to be active",4/4/2025 7:55pm
,88,237,Nathaniel,1.00,0.00,0.00,0.00,1.00,0.00,0.00,0.00,2.00,4.00,1.00,0.00,0.00,1.00,0.00,0.00,0.00,,4/4/2025 7:55pm
,89,5422,Nathaniel,1.00,0.00,0.00,0.00,1.00,0.00,0.00,0.00,5.00,0.00,4.00,0.00,0.00,0.00,0.00,1.00,0.00,,4/4/2025 7:55pm
,90,246,Nathaniel,1.00,0.00,0.00,0.00,1.00,0.00,0.00,2.00,3.00,6.00,1.00,0.00,1.00,0.00,0.00,0.00,0.00,Might have missed the last one on l2 or 3 bc a human walked in front of me during the final seconds of the match,4/4/2025 7:55pm
,91,8544,Nathaniel,1.00,0.00,0.00,0.00,0.00,0.00,0.00,0.00,1.00,0.00,0.00,2.00,0.00,0.00,0.00,0.00,3.00,,4/4/2025 7:55pm
,92,190,Nathaniel,1.00,0.00,0.00,0.00,3.00,0.00,0.00,0.00,4.00,7.00,5.00,0.00,0.00,1.00,0.00,0.00,0.00,Tried to hang but failed. ,4/4/2025 7:55pm
,93,2342,Nathaniel,1.00,0.00,0.00,0.00,2.00,0.00,0.00,0.00,4.00,5.00,4.00,0.00,0.00,0.00,0.00,1.00,0.00,,4/4/2025 7:55pm
,94,166,Nathaniel,1.00,0.00,0.00,0.00,1.00,0.00,0.00,0.00,0.00,0.00,11.00,0.00,0.00,0.00,0.00,1.00,0.00,Did only l4 nothing else,4/4/2025 7:55pm
,95,509,Nathaniel,1.00,0.00,0.00,0.00,0.00,0.00,0.00,0.00,5.00,0.00,0.00,1.00,3.00,1.00,0.00,0.00,0.00,Can do both coral and algae from the ground but should stick to algae as its super slow at grabbing coral,4/4/2025 7:55pm
,96,9644,Nathaniel,1.00,0.00,0.00,0.00,0.00,0.00,0.00,3.00,0.00,2.00,6.00,0.00,0.00,0.00,0.00,0.00,0.00,Got hit by 3467 in auto causing them to not score in auto,4/4/2025 7:55pm
,1,2648,terri,1.00,0.00,0.00,0.00,0.00,0.00,0.00,1.00,2.00,2.00,3.00,0.00,0.00,0.00,0.00,0.00,0.00,Did not park,4/4/2025 7:55pm
,2,509,terri,1.00,0.00,0.00,0.00,0.00,0.00,0.00,0.00,0.00,0.00,0.00,1.00,4.00,1.00,0.00,0.00,0.00,Can dislodge algae. Missed shooting algae into barge a couple of times.,4/4/2025 7:55pm
,3,2064,terri,1.00,0.00,0.00,0.00,0.00,0.00,0.00,0.00,3.00,5.00,0.00,0.00,0.00,0.00,0.00,1.00,0.00,Can dislodge algae. ,4/4/2025 7:55pm
,4,95,terri,1.00,0.00,0.00,0.00,2.00,0.00,0.00,3.00,0.00,0.00,7.00,0.00,0.00,0.00,0.00,1.00,0.00,Can pick from the floor. ,4/4/2025 7:55pm
,5,9101,terri,1.00,0.00,0.00,0.00,0.00,0.00,0.00,0.00,0.00,3.00,0.00,0.00,0.00,1.00,0.00,0.00,0.00,Got stuck on coral,4/4/2025 7:55pm
,6,999,terri,1.00,0.00,0.00,0.00,1.00,0.00,0.00,0.00,1.00,4.00,0.00,2.00,0.00,0.00,0.00,1.00,0.00,Can dislodge algae. ,4/4/2025 7:55pm
,7,155,terri,1.00,0.00,0.00,0.00,1.00,0.00,0.00,0.00,3.00,0.00,1.00,0.00,0.00,0.00,1.00,0.00,0.00,,4/4/2025 7:55pm
,8,8567,terri,1.00,0.00,0.00,0.00,0.00,0.00,0.00,0.00,3.00,5.00,2.00,2.00,0.00,0.00,0.00,0.00,0.00,Did not park,4/4/2025 7:55pm
,9,8708,terri,1.00,0.00,0.00,0.00,1.00,0.00,0.00,2.00,0.00,0.00,0.00,0.00,0.00,1.00,0.00,0.00,0.00,Had trouble grabbing algae from the reef. Did coral but dropped many.,4/4/2025 7:55pm
,10,501,terri,0.00,0.00,0.00,0.00,0.00,0.00,0.00,0.00,0.00,0.00,0.00,0.00,0.00,1.00,0.00,0.00,0.00,Played defense. picked up 1 algae but couldn't get rid of it.,4/4/2025 7:55pm
,11,571,terri,1.00,0.00,1.00,0.00,1.00,0.00,0.00,0.00,5.00,2.00,0.00,0.00,0.00,0.00,0.00,0.00,0.00,,4/4/2025 7:55pm
,12,1058,terri,1.00,0.00,0.00,0.00,1.00,0.00,0.00,0.00,1.00,2.00,4.00,0.00,1.00,0.00,0.00,1.00,0.00,Can dislodge algae. Tossed algae in barge.,4/4/2025 7:55pm
,13,181,terri,1.00,0.00,0.00,0.00,0.00,0.00,0.00,0.00,0.00,0.00,0.00,2.00,0.00,1.00,0.00,0.00,0.00,Can dislodge algae. Had trouble scoring algae,4/4/2025 7:55pm
,14,9644,terri,1.00,0.00,0.00,0.00,0.00,0.00,0.00,3.00,3.00,6.00,1.00,0.00,0.00,0.00,0.00,0.00,0.00,Did not park. very good robot. fast.,4/4/2025 7:55pm
,15,9710,terri,1.00,0.00,0.00,0.00,0.00,0.00,0.00,0.00,0.00,0.00,1.00,0.00,0.00,0.00,0.00,0.00,0.00,No park,4/4/2025 7:55pm
,16,4564,terri,1.00,0.00,0.00,0.00,0.00,0.00,0.00,1.00,1.00,4.00,3.00,0.00,0.00,0.00,0.00,0.00,0.00,Did not park,4/4/2025 7:55pm
,17,8013,terri,1.00,0.00,0.00,0.00,1.00,0.00,0.00,0.00,0.00,0.00,7.00,0.00,0.00,0.00,0.00,1.00,0.00,Did very well.,4/4/2025 7:55pm
,18,6328,terri,1.00,0.00,0.00,0.00,2.00,0.00,0.00,2.00,2.00,6.00,1.00,0.00,0.00,0.00,0.00,1.00,0.00,Can dislodge algae. ,4/4/2025 7:55pm
,19,237,terri,1.00,0.00,0.00,0.00,1.00,0.00,0.00,0.00,0.00,0.00,0.00,0.00,0.00,0.00,0.00,0.00,0.00,Dropped coral a lot. died but then came back but didn't do anything. no park,4/4/2025 7:55pm
,20,4909,terri,1.00,0.00,0.00,0.00,3.00,0.00,0.00,1.00,1.00,4.00,5.00,0.00,0.00,0.00,0.00,1.00,0.00,Was being defended but did well,4/4/2025 7:56pm
,21,2370,terri,1.00,0.00,0.00,0.00,0.00,0.00,0.00,0.00,0.00,0.00,0.00,0.00,0.00,1.00,0.00,0.00,0.00,,4/4/2025 7:56pm
,22,9101,terri,1.00,0.00,1.00,1.00,0.00,0.00,0.00,1.00,2.00,4.00,0.00,0.00,0.00,0.00,0.00,0.00,0.00,Did not park,4/4/2025 7:56pm
,23,4048,terri,1.00,0.00,0.00,0.00,0.00,0.00,0.00,0.00,0.00,2.00,5.00,0.00,0.00,1.00,0.00,0.00,0.00,Can dislodge algae. ,4/4/2025 7:56pm
,24,6329,terri,1.00,0.00,0.00,0.00,3.00,0.00,0.00,0.00,7.00,3.00,6.00,0.00,3.00,0.00,0.00,1.00,0.00,,4/4/2025 7:56pm
,25,8626,Jean,1.00,0.00,0.00,0.00,0.00,0.00,0.00,0.00,0.00,0.00,0.00,0.00,5.00,1.00,0.00,0.00,0.00,Auto went haywire. ended up in a high cage. Can only handle algae. ,4/4/2025 7:56pm
,26,8013,Jean,1.00,0.00,0.00,0.00,0.00,0.00,0.00,0.00,0.00,2.00,4.00,0.00,1.00,0.00,0.00,1.00,0.00,Auto - tried to place coral and missed. then picked up algae from reef and tried to put in barge but missed.,4/4/2025 7:56pm
,27,3467,Jean,1.00,0.00,0.00,0.00,3.00,0.00,0.00,0.00,4.00,5.00,2.00,0.00,0.00,0.00,0.00,1.00,0.00,Tossed a couple of algae at the barge but missed.,4/4/2025 7:56pm
,28,2342,Jean,0.00,0.00,0.00,0.00,0.00,0.00,0.00,1.00,4.00,3.00,0.00,0.00,0.00,0.00,0.00,0.00,0.00,"I missed the beginning of the match. they were excellent when
 I started watching. very fast and accurate. tipped over when they ran into algae they couldn't see. just bad luck.",4/4/2025 7:56pm
,29,9644,terri,1.00,0.00,0.00,0.00,1.00,0.00,0.00,2.00,2.00,4.00,4.00,0.00,0.00,0.00,0.00,0.00,0.00,Did not park. super fast robot.,4/4/2025 7:56pm
,30,230,terri,1.00,0.00,0.00,0.00,1.00,0.00,0.00,0.00,0.00,3.00,5.00,0.00,0.00,0.00,0.00,0.00,0.00,,4/4/2025 7:56pm
,31,8544,terri,0.00,0.00,0.00,0.00,0.00,0.00,0.00,0.00,1.00,0.00,0.00,2.00,0.00,1.00,0.00,0.00,0.00,Can dislodge algae. Dropped coral.,4/4/2025 7:56pm
,32,246,terri,1.00,0.00,0.00,0.00,1.00,0.00,0.00,0.00,3.00,2.00,2.00,1.00,0.00,1.00,0.00,0.00,0.00,,4/4/2025 7:56pm
,33,1058,terri,1.00,0.00,0.00,0.00,1.00,0.00,0.00,0.00,0.00,3.00,2.00,0.00,1.00,0.00,0.00,1.00,0.00,Removed coral in auto,4/4/2025 7:56pm
,34,237,terri,1.00,0.00,0.00,0.00,0.00,0.00,0.00,0.00,0.00,0.00,1.00,0.00,0.00,0.00,0.00,0.00,0.00,Picks algae. played defense. did not park.,4/4/2025 7:56pm
,35,6153,terri,1.00,0.00,0.00,0.00,0.00,0.00,0.00,0.00,1.00,0.00,1.00,2.00,0.00,0.00,0.00,1.00,0.00,,4/4/2025 7:56pm
,36,2648,terri,1.00,0.00,0.00,0.00,1.00,0.00,0.00,1.00,4.00,2.00,1.00,0.00,0.00,1.00,0.00,0.00,0.00,Can remove algae. got stuck on algae but with assistance became free.,4/4/2025 7:56pm
,37,4048,terri,0.00,0.00,0.00,0.00,0.00,0.00,0.00,0.00,0.00,0.00,0.00,0.00,0.00,1.00,0.00,0.00,0.00,,4/4/2025 7:56pm
,39,1071,logan,1.00,0.00,0.00,0.00,1.00,0.00,0.00,0.00,0.00,4.00,5.00,0.00,0.00,0.00,0.00,1.00,0.00,,4/4/2025 7:56pm
,40,2423,logan,1.00,0.00,0.00,0.00,2.00,0.00,0.00,0.00,0.00,4.00,1.00,2.00,0.00,0.00,0.00,1.00,0.00,,4/4/2025 7:56pm
,41,6153,logan,1.00,0.00,0.00,0.00,0.00,0.00,0.00,0.00,1.00,1.00,1.00,0.00,0.00,0.00,0.00,1.00,0.00,,4/4/2025 7:56pm
,42,1729,logan,1.00,0.00,0.00,0.00,0.00,0.00,1.00,0.00,0.00,7.00,1.00,1.00,0.00,0.00,0.00,1.00,0.00,,4/4/2025 7:56pm
,43,999,logan,1.00,0.00,0.00,0.00,1.00,0.00,0.00,0.00,0.00,2.00,5.00,0.00,0.00,1.00,0.00,0.00,0.00,,4/4/2025 7:56pm
,44,9644,logan,1.00,0.00,0.00,0.00,3.00,0.00,0.00,4.00,2.00,4.00,1.00,0.00,0.00,0.00,0.00,0.00,0.00,,4/4/2025 7:56pm
,45,2064,logan,1.00,0.00,0.00,0.00,0.00,0.00,0.00,1.00,1.00,5.00,0.00,0.00,0.00,1.00,0.00,0.00,0.00,,4/4/2025 7:56pm
,46,1071,logan,1.00,0.00,0.00,0.00,1.00,0.00,0.00,0.00,0.00,4.00,0.00,0.00,0.00,0.00,0.00,1.00,0.00,,4/4/2025 7:56pm
,47,246,logan,1.00,0.00,0.00,0.00,0.00,0.00,0.00,0.00,1.00,2.00,2.00,0.00,0.00,0.00,0.00,0.00,0.00,,4/4/2025 7:56pm
,48,8626,logan,1.00,0.00,0.00,0.00,0.00,0.00,0.00,0.00,0.00,0.00,0.00,0.00,0.00,1.00,0.00,0.00,0.00,Best algae bot at this event,4/4/2025 7:56pm
,49,1729,logan,1.00,0.00,0.00,0.00,0.00,0.00,0.00,0.00,0.00,0.00,5.00,2.00,0.00,0.00,0.00,1.00,0.00,,4/4/2025 7:56pm
,50,237,Jennifer,1.00,0.00,0.00,0.00,1.00,0.00,0.00,0.00,0.00,3.00,4.00,0.00,0.00,0.00,0.00,0.00,0.00,Slow to place coral. dropped some coral. slower driving. picked a second piece in auto but no time to place,4/4/2025 7:56pm
,51,125,Jennifer,1.00,0.00,0.00,0.00,3.00,0.00,0.00,0.00,0.00,0.00,7.00,0.00,1.00,0.00,0.00,1.00,0.00,"Can pick from the floor.  had issues placing coral on level 3 several times. Dropped coral some around defense bot, but able to pick it back up from ground.",4/4/2025 7:56pm
,52,2064,Jennifer,1.00,0.00,1.00,0.00,0.00,0.00,0.00,0.00,5.00,2.00,0.00,0.00,0.00,0.00,0.00,1.00,0.00,Pulled coral off in auto to score. slow to hang,4/4/2025 7:56pm
,53,7127,Jennifer,1.00,0.00,0.00,0.00,0.00,0.00,0.00,0.00,1.00,1.00,2.00,0.00,0.00,1.00,0.00,0.00,0.00,Slow driving. slow placing coral.,4/4/2025 7:56pm
,54,4564,Jennifer,1.00,0.00,0.00,0.00,0.00,0.00,0.00,0.00,2.00,2.00,4.00,2.00,0.00,0.00,0.00,0.00,0.00,Broke down. ,4/4/2025 7:56pm
,55,190,Jennifer,1.00,0.00,0.00,0.00,3.00,0.00,0.00,0.00,0.00,0.00,2.00,0.00,0.00,0.00,0.00,1.00,8.00,Played defense after elevater had issues.,4/4/2025 7:56pm
,56,4909,Jennifer,1.00,0.00,0.00,0.00,3.00,0.00,0.00,0.00,2.00,3.00,5.00,0.00,0.00,0.00,0.00,1.00,0.00,Did well moving around the defense bot.,4/4/2025 7:56pm
,57,5687,Jennifer,1.00,0.00,0.00,0.00,3.00,0.00,0.00,0.00,3.00,3.00,5.00,0.00,0.00,0.00,0.00,1.00,0.00,,4/4/2025 7:56pm
,58,6329,Jennifer,1.00,0.00,0.00,0.00,3.00,0.00,0.00,0.00,4.00,3.00,7.00,0.00,1.00,0.00,0.00,1.00,0.00,Can pick from the floor. Consistently gets Cora from station and puts on reef. good speed.,4/4/2025 7:56pm
,59,1991,Jennifer,1.00,0.00,0.00,0.00,0.00,0.00,0.00,0.00,0.00,0.00,0.00,8.00,0.00,1.00,0.00,0.00,0.00,"Tried auto, processor, then success with processor 2x",4/4/2025 7:56pm
,60,190,Jennifer,1.00,0.00,0.00,1.00,4.00,0.00,0.00,0.00,2.00,7.00,3.00,2.00,0.00,1.00,0.00,0.00,0.00,Tried to knock out coral from bot at end. didn't climb because of coral? 1st attempt on processor failed.,4/4/2025 7:56pm
,62,8544,Jennifer,0.00,0.00,0.00,0.00,0.00,0.00,0.00,0.00,0.00,0.00,0.00,0.00,0.00,0.00,0.00,0.00,0.00,Never moved. Battery issue?,4/4/2025 7:56pm
,63,9710,Jennifer,1.00,0.00,0.00,0.00,0.00,0.00,0.00,0.00,3.00,1.00,2.00,0.00,0.00,0.00,0.00,0.00,0.00,Tried to auto but dropped coral inside robot. very slow driving and moving.,4/4/2025 7:56pm
,64,95,Jennifer,1.00,0.00,0.00,0.00,3.00,0.00,0.00,0.00,0.00,1.00,6.00,0.00,0.00,0.00,0.00,0.00,0.00,Died at 30 seconds after score coral. hit e stop? solid orange light at bottom.,4/4/2025 7:56pm
,65,246,Jennifer,1.00,0.00,0.00,0.00,0.00,0.00,0.00,0.00,0.00,1.00,4.00,0.00,0.00,0.00,0.00,1.00,0.00,didn't release piece for auto. had a piece inside robot for a few seconds. got it out. ,4/4/2025 7:56pm
,66,5422,Jennifer,1.00,0.00,0.00,0.00,1.00,0.00,0.00,0.00,0.00,0.00,4.00,0.00,0.00,0.00,0.00,1.00,0.00,3 missed when going for L4. barley hangs off ground,4/4/2025 7:56pm
,67,133,Jennifer,1.00,0.00,0.00,0.00,3.00,0.00,0.00,0.00,4.00,6.00,2.00,0.00,2.00,0.00,0.00,1.00,0.00,Smooth auto.  please pick for alliance 😊,4/4/2025 7:56pm
,68,166,logan,1.00,0.00,0.00,0.00,0.00,0.00,0.00,0.00,0.00,1.00,11.00,0.00,0.00,0.00,0.00,1.00,0.00,,4/4/2025 7:56pm
,69,1073,logan,1.00,0.00,0.00,0.00,2.00,0.00,0.00,0.00,1.00,7.00,3.00,0.00,0.00,0.00,0.00,1.00,0.00,,4/4/2025 7:56pm
,70,4564,logan,1.00,0.00,0.00,0.00,2.00,0.00,0.00,0.00,5.00,5.00,7.00,0.00,0.00,0.00,0.00,0.00,0.00,,4/4/2025 7:56pm
,71,6153,logan,0.00,0.00,0.00,0.00,1.00,0.00,0.00,0.00,1.00,3.00,0.00,2.00,0.00,1.00,0.00,0.00,0.00,,4/4/2025 7:56pm
,72,1729,logan,1.00,0.00,0.00,0.00,1.00,0.00,0.00,0.00,0.00,0.00,0.00,0.00,0.00,0.00,0.00,1.00,6.00,Played defense. ,4/4/2025 7:56pm
,73,8708,logan,1.00,0.00,0.00,0.00,0.00,0.00,0.00,0.00,0.00,5.00,1.00,0.00,0.00,0.00,0.00,1.00,0.00,,4/4/2025 7:56pm
,74,8544,Jean,1.00,0.00,0.00,0.00,0.00,0.00,0.00,0.00,1.00,1.00,0.00,2.00,0.00,1.00,0.00,0.00,0.00,very slow,4/4/2025 7:56pm
,75,3467,Jean,1.00,0.00,0.00,0.00,3.00,0.00,0.00,0.00,5.00,6.00,4.00,0.00,0.00,0.00,0.00,1.00,0.00,,4/4/2025 7:56pm
,76,5687,Jean,1.00,0.00,0.00,0.00,4.00,0.00,0.00,0.00,6.00,7.00,4.00,1.00,0.00,0.00,0.00,1.00,0.00,,4/4/2025 7:56pm
,77,6328,Jean,1.00,0.00,0.00,0.00,3.00,0.00,0.00,2.00,4.00,3.00,3.00,2.00,0.00,0.00,0.00,1.00,0.00,,4/4/2025 7:56pm
,78,4909,Jean,1.00,0.00,0.00,0.00,3.00,0.00,0.00,1.00,1.00,4.00,0.00,0.00,0.00,0.00,0.00,0.00,0.00,dIed with one minute left,4/4/2025 7:56pm
,79,7153,Jean,1.00,0.00,0.00,0.00,1.00,0.00,0.00,0.00,3.00,0.00,0.00,0.00,6.00,0.00,0.00,1.00,0.00,,4/4/2025 7:56pm
,80,246,Jean,1.00,0.00,0.00,0.00,1.00,0.00,0.00,0.00,0.00,0.00,0.00,2.00,0.00,0.00,0.00,0.00,0.00,stopped moving 30 seconds into teleop.,4/4/2025 7:56pm
,81,8013,Jean,1.00,0.00,0.00,0.00,0.00,0.00,0.00,0.00,3.00,3.00,5.00,0.00,0.00,0.00,0.00,1.00,0.00,,4/4/2025 7:56pm
,82,2064,Jean,1.00,0.00,0.00,1.00,0.00,0.00,0.00,0.00,0.00,7.00,0.00,0.00,0.00,0.00,0.00,1.00,0.00,"Dislodged algae during auto.

efficient at removing algae from reef.  looks as though it can only do level 3 unless it dropped coral into level 1 just right (didn't do that this match).",4/4/2025 7:56pm
,83,663,Jean,1.00,0.00,0.00,0.00,1.00,0.00,0.00,0.00,2.00,3.00,6.00,0.00,0.00,0.00,0.00,0.00,0.00,did not go park/climb,4/4/2025 7:56pm
,84,1991,logan,1.00,0.00,0.00,0.00,0.00,0.00,0.00,0.00,0.00,0.00,0.00,8.00,0.00,1.00,0.00,0.00,0.00,,4/4/2025 7:56pm
,85,230,Jean,1.00,0.00,0.00,0.00,2.00,0.00,0.00,0.00,3.00,3.00,3.00,2.00,0.00,1.00,0.00,0.00,0.00,,4/4/2025 7:56pm
,86,2370,Jean,1.00,0.00,0.00,0.00,2.00,0.00,0.00,2.00,1.00,5.00,1.00,0.00,1.00,1.00,0.00,0.00,0.00,,4/4/2025 7:56pm
,87,166,Jean,1.00,0.00,0.00,0.00,2.00,0.00,0.00,0.00,3.00,3.00,3.00,2.00,0.00,0.00,0.00,1.00,0.00,,4/4/2025 7:56pm
,88,8708,Jean,1.00,0.00,0.00,0.00,1.00,0.00,0.00,0.00,2.00,3.00,2.00,0.00,0.00,0.00,0.00,1.00,0.00,,4/4/2025 7:56pm
,89,1721,Jean,1.00,0.00,0.00,0.00,0.00,0.00,0.00,0.00,0.00,0.00,0.00,4.00,0.00,1.00,0.00,0.00,0.00,,4/4/2025 7:56pm
,90,10066,Jean,1.00,0.00,0.00,0.00,1.00,0.00,0.00,7.00,0.00,0.00,0.00,0.00,0.00,1.00,0.00,0.00,0.00,,4/4/2025 7:56pm
,91,501,Jean,1.00,0.00,0.00,0.00,0.00,0.00,0.00,0.00,0.00,0.00,0.00,0.00,0.00,0.00,0.00,1.00,6.00,defender bot ,4/4/2025 7:56pm
,92,1991,Jean,1.00,0.00,0.00,0.00,1.00,0.00,0.00,0.00,0.00,0.00,0.00,5.00,0.00,0.00,0.00,0.00,0.00,died near the end of the match.,4/4/2025 7:56pm
,93,230,Jean,1.00,0.00,0.00,0.00,2.00,0.00,0.00,0.00,3.00,3.00,1.00,1.00,0.00,1.00,0.00,0.00,0.00,their climb isn't that good. the front end tends to drag on the ground and they don't get credit for the climb. this has happened at least two times for me.,4/4/2025 7:56pm
,94,1729,Jean,1.00,0.00,0.00,0.00,2.00,0.00,0.00,0.00,2.00,1.00,6.00,0.00,0.00,0.00,0.00,1.00,0.00,,4/4/2025 7:56pm
,95,7127,Jean,1.00,0.00,0.00,0.00,0.00,0.00,0.00,0.00,4.00,6.00,4.00,0.00,0.00,0.00,0.00,0.00,0.00,,4/4/2025 7:56pm
,96,4925,Jean,1.00,0.00,0.00,0.00,0.00,0.00,0.00,0.00,0.00,0.00,0.00,0.00,0.00,0.00,0.00,0.00,6.00,did it's best to tip itself over but didn't. in not sure how it managed to stay upright.  did a decent job defending.,4/4/2025 7:56pm
,1,1073,Nathaniel,1.00,0.00,0.00,0.00,2.00,0.00,0.00,0.00,1.00,5.00,4.00,0.00,0.00,1.00,0.00,0.00,0.00,Tried to hang but failed. Dropped 2 coral both at lvl 4.,4/4/2025 7:56pm
,2,8708,Nathaniel,1.00,1.00,0.00,0.00,0.00,0.00,0.00,0.00,0.00,3.00,1.00,0.00,0.00,1.00,0.00,0.00,0.00,Tried to hang but failed. Can dislodge algae. Dropped coral a lot. ,4/4/2025 7:56pm
,3,3182,Nathaniel,1.00,1.00,0.00,0.00,0.00,0.00,0.00,2.00,4.00,5.00,0.00,0.00,0.00,1.00,0.00,0.00,0.00,Can pick from the floor. Tried to hang but failed. ,4/4/2025 7:56pm
,4,10066,Nathaniel,1.00,1.00,0.00,0.00,0.00,0.00,0.00,2.00,0.00,0.00,0.00,0.00,0.00,0.00,0.00,0.00,0.00,Dropped coral a lot. Spent too long putting last coral on causing them to not park,4/4/2025 7:56pm
,5,4564,Nathaniel,1.00,0.00,0.00,0.00,1.00,0.00,0.00,0.00,2.00,2.00,2.00,2.00,0.00,1.00,0.00,0.00,0.00,Can dislodge algae. Can pick from the floor. Was in the middle spot for autonomous but looks like it might have other better autos. can pick algae from ground but not sure about coral.,4/4/2025 7:56pm
,6,166,Nathaniel,1.00,0.00,0.00,0.00,0.00,0.00,0.00,0.00,2.00,1.00,3.00,2.00,0.00,0.00,0.00,1.00,0.00,"Can dislodge algae. Dropped coral a lot. Can't grab algae from reef, only dislodge and then has to grab it from the floor afterwards.",4/4/2025 7:56pm
,7,4909,Nathaniel,1.00,0.00,0.00,0.00,3.00,0.00,0.00,1.00,4.00,4.00,3.00,0.00,0.00,1.00,0.00,0.00,0.00,"Tried to hang but failed. Missed on purpose to score in l1 fast scorer, but struggles to climb",4/4/2025 7:56pm
,8,8544,Nathaniel,0.00,0.00,0.00,0.00,0.00,0.00,0.00,0.00,0.00,0.00,1.00,2.00,0.00,1.00,0.00,0.00,0.00,"Can dislodge algae. Didn't look like it moved in autonomous but it might have moved slightly, very slow at everything it does and hyper focuses on a specific game piece instead of going to the next piece",4/4/2025 7:56pm
,9,237,Nathaniel,1.00,0.00,0.00,0.00,1.00,0.00,0.00,0.00,0.00,1.00,1.00,1.00,0.00,1.00,0.00,0.00,0.00,Got a coral stuck inside. Got stuck on an algae but was saved,4/4/2025 7:56pm
,10,230,Nathaniel,1.00,0.00,0.00,0.00,0.00,0.00,0.00,0.00,1.00,2.00,1.00,1.00,0.00,0.00,0.00,1.00,0.00,"Can dislodge algae. Has trouble grabbing coral from the hp station because of how their mechanism works, a little defence and this robot is almost nonexistent",4/4/2025 7:56pm
,11,9101,Nathaniel,1.00,0.00,1.00,0.00,0.00,0.00,0.00,0.00,0.00,1.00,0.00,0.00,0.00,0.00,0.00,0.00,0.00,Got a coral stuck inside. Then the robot stopped moving and they disabled themselves.,4/4/2025 7:56pm
,12,2648,Nathaniel,1.00,1.00,0.00,0.00,1.00,0.00,0.00,0.00,4.00,5.00,3.00,2.00,0.00,0.00,0.00,1.00,0.00,Played very well but missed one in auto that went down to l1 after auto ended but the piece was thrown during auto.,4/4/2025 7:56pm
,13,5422,Nathaniel,1.00,0.00,0.00,0.00,1.00,0.00,0.00,0.00,1.00,2.00,5.00,0.00,0.00,0.00,0.00,0.00,0.00,Dropped coral a lot. Spent too long on coral so they didn't park.,4/4/2025 7:56pm
,14,7127,Rachel,1.00,1.00,0.00,0.00,1.00,0.00,0.00,0.00,0.00,0.00,3.00,0.00,0.00,1.00,0.00,0.00,0.00,took off a coral from the reef. then their lift got stuck up for the rest of the match,4/4/2025 7:56pm
,15,246,Rachel,1.00,0.00,0.00,0.00,0.00,0.00,0.00,1.00,0.00,1.00,3.00,2.00,0.00,1.00,0.00,0.00,0.00,6/10 was alright but got a penalty. not sure what for couldn't see it. but then something happened and it stopped scoring,4/4/2025 7:56pm
,16,125,Rachel,1.00,0.00,0.00,0.00,2.00,0.00,0.00,1.00,1.00,1.00,5.00,0.00,1.00,0.00,0.00,1.00,0.00,8/10 missed a lot of coral. I think they were trying to get it on level 1 but it only n worked once out of five.,4/4/2025 7:56pm
,18,1729,Rachel,1.00,1.00,0.00,0.00,0.00,0.00,0.00,0.00,3.00,4.00,5.00,0.00,0.00,0.00,0.00,1.00,0.00,8\10 carried the team in point scoring. only missed one. algae was bad but coral good,4/4/2025 7:56pm
,19,5687,Nathaniel,1.00,0.00,0.00,0.00,4.00,0.00,0.00,0.00,5.00,5.00,3.00,1.00,0.00,1.00,0.00,0.00,0.00,"Tried to hang but failed. Insane at everything, ",4/4/2025 7:56pm
,20,155,Nathaniel,1.00,1.00,0.00,0.00,0.00,0.00,0.00,0.00,0.00,0.00,1.00,0.00,0.00,0.00,0.00,0.00,7.00,Played defense. It scored 1 level 4 coral then appeared to have issues and swapped to defence which it was really effective at.,4/4/2025 7:56pm
,21,8567,Nathaniel,1.00,0.00,0.00,0.00,0.00,0.00,0.00,3.00,0.00,1.00,1.00,0.00,0.00,1.00,0.00,0.00,0.00,"Dropped coral a lot. and almost got one stuck in us from the start of the match. very inaccurate, missed l4 10 times",4/4/2025 7:56pm
,22,2064,Nathaniel,1.00,0.00,1.00,0.00,0.00,0.00,0.00,0.00,4.00,2.00,0.00,0.00,0.00,1.00,0.00,0.00,0.00,Tried to hang but failed. Dropped coral a lot. ,4/4/2025 7:56pm
,23,1058,Nathaniel,1.00,0.00,0.00,0.00,1.00,0.00,0.00,6.00,0.00,0.00,3.00,0.00,0.00,0.00,0.00,1.00,0.00,Dropped coral a lot. Can dislodge algae. ,4/4/2025 7:56pm
,24,1073,Nathaniel,1.00,0.00,0.00,0.00,3.00,0.00,0.00,0.00,2.00,2.00,3.00,0.00,0.00,0.00,0.00,1.00,0.00,Hyper focused an algae wasting 25 seconds of the match where they could have done 1 or 2 more on l2,4/4/2025 7:56pm
,25,6153,Nathaniel,1.00,0.00,0.00,0.00,1.00,0.00,0.00,0.00,0.00,0.00,4.00,0.00,0.00,0.00,0.00,1.00,0.00,Dropped coral a lot. ,4/4/2025 7:56pm
,26,2370,Nathaniel,1.00,0.00,0.00,0.00,0.00,0.00,0.00,0.00,0.00,4.00,7.00,0.00,1.00,1.00,0.00,0.00,0.00,"Tried to hang but failed. Can dislodge algae. Really fast, missed in auto but more than made up for it in teleop",4/4/2025 7:56pm
,27,2064,Nathaniel,1.00,2.00,0.00,0.00,0.00,0.00,0.00,0.00,4.00,3.00,0.00,0.00,0.00,0.00,0.00,1.00,0.00,Can dislodge algae. Dropped coral a lot. ,4/4/2025 7:56pm
,28,7153,Nathaniel,1.00,0.00,0.00,0.00,0.00,0.00,0.00,0.00,0.00,0.00,8.00,0.00,0.00,0.00,0.00,1.00,0.00,"Only robot on Alliance that could score on the reef, it did solely lol 4 and nothing else, also dropped 3 coral",4/4/2025 7:56pm
,29,6329,Nathaniel,1.00,0.00,0.00,0.00,3.00,0.00,0.00,0.00,3.00,4.00,3.00,3.00,0.00,0.00,0.00,1.00,0.00,"Was stuck on a ball for 30 seconds and still managed to pull off this match, we all know bucks is an insanely good robot",4/4/2025 7:56pm
,30,1071,Nathaniel,1.00,0.00,0.00,0.00,0.00,0.00,0.00,0.00,3.00,3.00,3.00,0.00,0.00,0.00,0.00,1.00,0.00,Dropped 3 coral and almost fell over bc they were driving with the lift fully extended.,4/4/2025 7:56pm
,31,9710,Nathaniel,1.00,0.00,0.00,0.00,1.00,0.00,0.00,0.00,1.00,1.00,4.00,0.00,0.00,0.00,0.00,0.00,0.00,"Slow and almost fell over, dropped 2 coral",4/4/2025 7:56pm
,32,95,Nathaniel,1.00,0.00,0.00,0.00,3.00,0.00,0.00,6.00,0.00,0.00,4.00,0.00,0.00,0.00,0.00,0.00,0.00,"Can pick from the floor. Really good, fast arm, and fairly accurate",4/4/2025 7:56pm
,33,501,Nathaniel,1.00,0.00,0.00,0.00,0.00,0.00,0.00,0.00,0.00,0.00,0.00,0.00,0.00,1.00,0.00,0.00,6.00,,4/4/2025 7:56pm
,34,3467,Nathaniel,1.00,0.00,0.00,0.00,3.00,0.00,0.00,0.00,4.00,2.00,2.00,2.00,0.00,0.00,0.00,1.00,0.00,Dropped coral a lot. ,4/4/2025 7:56pm
,35,509,Nathaniel,1.00,0.00,0.00,0.00,0.00,0.00,0.00,0.00,0.00,0.00,0.00,2.00,4.00,1.00,0.00,0.00,0.00,Can only handle algae. ,4/4/2025 7:56pm
,36,9101,Nathaniel,1.00,0.00,0.00,0.00,0.00,0.00,0.00,1.00,2.00,5.00,1.00,0.00,0.00,0.00,0.00,1.00,0.00,,4/4/2025 7:56pm
,37,230,Nathaniel,1.00,0.00,0.00,0.00,2.00,0.00,0.00,0.00,2.00,5.00,4.00,0.00,0.00,0.00,0.00,1.00,0.00,"Synergised really well with us filling up the reef, with a smooth and accurate robot/drive team",4/4/2025 7:56pm
,39,246,Joyce,1.00,0.00,0.00,0.00,0.00,0.00,0.00,2.00,1.00,4.00,0.00,2.00,0.00,1.00,0.00,0.00,0.00,Can dislodge algae. Dropped coral a lot. ,4/4/2025 7:56pm
,40,9710,Joyce,1.00,0.00,0.00,0.00,1.00,0.00,0.00,0.00,1.00,2.00,2.00,0.00,0.00,0.00,0.00,0.00,0.00,Can dislodge algae by using arm while holding coral. Cannot pick from floor. Dropped coral a lot. ,4/4/2025 7:56pm
,41,4909,Joyce,1.00,0.00,0.00,0.00,3.00,0.00,0.00,1.00,4.00,3.00,5.00,0.00,0.00,0.00,0.00,1.00,0.00,,4/4/2025 7:56pm
,42,133,Joyce,1.00,0.00,0.00,0.00,2.00,0.00,0.00,0.00,2.00,3.00,6.00,0.00,0.00,0.00,0.00,1.00,0.00,Can dislodge algae. Can pick from the floor. ,4/4/2025 7:56pm
,43,8544,Joyce,1.00,0.00,0.00,0.00,0.00,0.00,0.00,0.00,0.00,0.00,0.00,0.00,0.00,0.00,0.00,0.00,0.00,Can dislodge algae. Got stuck on top of an algae and wasn't able to move during a duration of the match. ,4/4/2025 7:56pm
,44,4925,Joyce,1.00,0.00,0.00,0.00,0.00,0.00,0.00,0.00,0.00,1.00,2.00,0.00,0.00,0.00,0.00,0.00,2.00,"Dropped coral a lot. Played defense. Missed scoring coral into L1 during auto and teleop. Very tippy/jerky and unstable, did not fall over. ",4/4/2025 7:56pm
,45,8708,Joyce,1.00,0.00,0.00,0.00,0.00,0.00,0.00,1.00,2.00,4.00,3.00,0.00,0.00,1.00,0.00,0.00,0.00,Missed scoring in auto. Scored only coral during match and retrieved from human playernstation. ,4/4/2025 7:56pm
,46,3467,Joyce,1.00,0.00,0.00,0.00,3.00,0.00,0.00,0.00,6.00,0.00,2.00,3.00,0.00,1.00,0.00,0.00,0.00,Can dislodge algae. ,4/4/2025 7:56pm
,47,4564,Joyce,1.00,0.00,0.00,0.00,1.00,0.00,0.00,0.00,2.00,4.00,4.00,2.00,0.00,0.00,0.00,0.00,0.00,Did not park,4/4/2025 7:56pm
,48,230,terri,1.00,0.00,0.00,0.00,1.00,0.00,0.00,0.00,0.00,4.00,4.00,2.00,0.00,0.00,0.00,1.00,0.00,Missed shooting algae into barge. ,4/4/2025 7:56pm
,49,1991,Joyce,1.00,1.00,0.00,0.00,0.00,0.00,0.00,0.00,0.00,0.00,0.00,4.00,0.00,1.00,0.00,0.00,0.00,Can pick algae from the floor. Can dislodge algae. ,4/4/2025 7:56pm
,50,4048,Joyce,1.00,0.00,0.00,0.00,1.00,0.00,0.00,0.00,0.00,1.00,2.00,0.00,0.00,0.00,0.00,1.00,0.00,i got distracted and missed some of match. ,4/4/2025 7:56pm
,51,5687,Joyce,1.00,0.00,0.00,0.00,4.00,0.00,0.00,0.00,4.00,3.00,2.00,0.00,2.00,1.00,0.00,0.00,0.00,Can dislodge algae. Can pick from the floor. ,4/4/2025 7:56pm
,52,571,Joyce,1.00,0.00,0.00,0.00,0.00,0.00,0.00,0.00,3.00,5.00,0.00,0.00,0.00,1.00,0.00,0.00,0.00,Descored algae during auto. Can dislodge algae. Good with scoring coral at a.rapid and consistent rate.,4/4/2025 7:57pm
,53,181,Joyce,1.00,0.00,0.00,0.00,0.00,0.00,0.00,0.00,0.00,0.00,0.00,0.00,5.00,1.00,0.00,0.00,0.00,"Can pick from the floor. Good with scoring barge, and handling algae.",4/4/2025 7:57pm
,54,1071,Joyce,1.00,0.00,0.00,0.00,1.00,0.00,0.00,1.00,3.00,3.00,2.00,0.00,0.00,1.00,0.00,0.00,0.00,,4/4/2025 7:57pm
,55,95,Joyce,1.00,0.00,0.00,0.00,3.00,0.00,0.00,3.00,0.00,0.00,7.00,0.00,0.00,1.00,0.00,0.00,0.00,Can pick from the floor. Seems to only be able to score L4 and L1,4/4/2025 7:57pm
,56,6328,Joyce,1.00,0.00,0.00,0.00,3.00,0.00,0.00,1.00,0.00,10.00,4.00,0.00,4.00,0.00,0.00,1.00,0.00,"Can dislodge algae. GOOD PICK! quick with scoring both algae and coral, including consistency with scoring barge also.",4/4/2025 7:57pm
,57,4925,Joyce,1.00,0.00,0.00,0.00,0.00,0.00,0.00,0.00,0.00,0.00,0.00,0.00,0.00,0.00,0.00,0.00,3.00,Played defense. I did not catch what they scored ,4/4/2025 7:57pm
,62,663,DAB,1.00,0.00,0.00,0.00,0.00,0.00,0.00,0.00,1.00,2.00,5.00,0.00,0.00,1.00,0.00,0.00,0.00,,4/4/2025 7:57pm
,63,501,DAB,1.00,0.00,0.00,0.00,0.00,0.00,0.00,0.00,0.00,0.00,0.00,0.00,0.00,1.00,0.00,0.00,7.00,"Played defense, effectively.",4/4/2025 7:57pm
,64,125,DAB,1.00,0.00,0.00,0.00,2.00,0.00,0.00,0.00,1.00,3.00,5.00,0.00,0.00,0.00,0.00,1.00,0.00,Missed a few coral (bot).  I may have missed one level 4 coral.,4/4/2025 7:57pm
,65,999,DAB,1.00,0.00,0.00,0.00,2.00,0.00,0.00,0.00,1.00,1.00,4.00,0.00,0.00,0.00,0.00,1.00,0.00,,4/4/2025 7:57pm
,66,9101,DAB,1.00,0.00,0.00,0.00,0.00,0.00,0.00,0.00,2.00,2.00,2.00,0.00,0.00,0.00,0.00,1.00,0.00,Missed a lot.,4/4/2025 7:57pm
,67,663,DAB,1.00,0.00,0.00,0.00,0.00,0.00,0.00,0.00,3.00,4.00,1.00,0.00,0.00,0.00,0.00,0.00,0.00,,4/4/2025 7:57pm
,68,2064,DAB,1.00,0.00,0.00,0.00,0.00,0.00,0.00,0.00,2.00,5.00,0.00,0.00,0.00,0.00,0.00,1.00,0.00,,4/4/2025 7:57pm
,69,8013,DAB,1.00,0.00,0.00,0.00,1.00,0.00,1.00,0.00,2.00,1.00,0.00,0.00,6.00,0.00,0.00,1.00,0.00,,4/4/2025 7:57pm
,70,7127,DAB,1.00,0.00,0.00,0.00,0.00,0.00,0.00,0.00,5.00,4.00,3.00,0.00,0.00,0.00,0.00,0.00,0.00,,4/4/2025 7:57pm
,71,95,DAB,1.00,0.00,0.00,0.00,3.00,0.00,0.00,4.00,0.00,0.00,5.00,0.00,0.00,1.00,0.00,0.00,0.00,"Can pick up from floor, but not as good as 133.",4/4/2025 7:57pm
,72,501,DAB,1.00,0.00,0.00,0.00,0.00,0.00,0.00,0.00,0.00,0.00,0.00,0.00,0.00,0.00,0.00,1.00,7.00,Defense,4/4/2025 7:57pm
,73,663,DAB,1.00,0.00,0.00,0.00,0.00,0.00,0.00,0.00,3.00,4.00,4.00,0.00,0.00,0.00,0.00,0.00,0.00,,4/4/2025 7:57pm
,74,2370,joyce,1.00,0.00,0.00,0.00,1.00,0.00,1.00,1.00,1.00,3.00,5.00,0.00,0.00,0.00,0.00,1.00,0.00,Can dislodge algae. Very efficient with scoring coral.,4/4/2025 7:57pm
,75,8013,joyce,1.00,0.00,0.00,0.00,1.00,0.00,0.00,0.00,1.00,1.00,0.00,0.00,4.00,0.00,0.00,1.00,0.00,Can dislodge algae. ,4/4/2025 7:57pm
,76,1721,joyce,1.00,0.00,0.00,0.00,0.00,0.00,0.00,0.00,0.00,0.00,0.00,7.00,0.00,0.00,0.00,1.00,0.00,Can pick from the floor. Can dislodge algae. I did not see the bot handle anything other than algae.,4/4/2025 7:57pm
,77,6153,joyce,1.00,0.00,0.00,0.00,0.00,0.00,0.00,0.00,0.00,0.00,0.00,0.00,0.00,0.00,0.00,1.00,0.00,Dropped algae a lot. Missed shooting algae into barge. Can dislodge algae. Can pick from the floor. ,4/4/2025 7:57pm
,78,237,joyce,1.00,0.00,0.00,0.00,1.00,0.00,0.00,0.00,2.00,2.00,1.00,0.00,0.00,0.00,0.00,0.00,0.00,Got a coral stuck inside. ,4/4/2025 7:57pm
,79,509,joyce,1.00,0.00,0.00,0.00,0.00,0.00,0.00,0.00,0.00,0.00,0.00,0.00,6.00,0.00,0.00,1.00,0.00,Can only handle algae. Can pick from the floor. Can dislodge algae. Missed shooting algae into barge. ,4/4/2025 7:57pm
,80,8567,joyce,1.00,0.00,1.00,0.00,0.00,0.00,0.00,0.00,3.00,4.00,4.00,0.00,0.00,0.00,0.00,0.00,0.00,Did not park,4/4/2025 7:57pm
,81,8544,joyce,1.00,0.00,0.00,0.00,0.00,0.00,0.00,4.00,0.00,0.00,0.00,0.00,0.00,0.00,0.00,0.00,0.00,"Can score coral, cannot score algae? ",4/4/2025 7:57pm
,82,4048,joyce,1.00,0.00,0.00,0.00,0.00,0.00,0.00,0.00,0.00,1.00,4.00,0.00,0.00,0.00,0.00,1.00,0.00,,4/4/2025 7:57pm
,83,1729,joyce,1.00,0.00,0.00,0.00,0.00,0.00,0.00,0.00,3.00,5.00,2.00,0.00,0.00,0.00,0.00,0.00,0.00,Missed coral and algae in auto. Dropped coral a lot. ,4/4/2025 7:57pm
,84,571,james,1.00,0.00,0.00,2.00,0.00,0.00,0.00,0.00,3.00,4.00,0.00,0.00,0.00,1.00,0.00,0.00,0.00,,4/4/2025 7:57pm
,85,9644,james,1.00,0.00,0.00,0.00,1.00,0.00,0.00,0.00,3.00,1.00,2.00,0.00,0.00,1.00,0.00,0.00,0.00,,4/4/2025 7:57pm
,86,4564,james,1.00,0.00,0.00,0.00,2.00,0.00,0.00,0.00,2.00,4.00,4.00,2.00,0.00,0.00,0.00,0.00,0.00,,4/4/2025 7:57pm
,87,1058,james,1.00,0.00,0.00,0.00,1.00,0.00,0.00,0.00,0.00,0.00,4.00,0.00,0.00,0.00,0.00,1.00,0.00,Drop a little in the beginning,4/4/2025 7:57pm
,88,6329,james,1.00,0.00,0.00,0.00,3.00,0.00,0.00,0.00,5.00,4.00,3.00,3.00,0.00,0.00,0.00,1.00,0.00,,4/4/2025 7:57pm
,89,133,james,1.00,0.00,0.00,0.00,3.00,0.00,0.00,0.00,0.00,5.00,1.00,2.00,0.00,0.00,0.00,1.00,0.00,Hi,4/4/2025 7:57pm
,90,8626,james,1.00,0.00,0.00,0.00,0.00,0.00,1.00,0.00,0.00,0.00,0.00,0.00,8.00,1.00,0.00,0.00,0.00,Can dislodge algae. Was good at getting algae and putting in the barge,4/4/2025 7:57pm
,91,9101,jeanette,1.00,0.00,0.00,0.00,0.00,0.00,0.00,1.00,2.00,4.00,0.00,0.00,0.00,0.00,0.00,1.00,0.00,I think he parked could not see if he did hang or not Got a coral stuck inside 2 ,4/4/2025 7:57pm
,92,8013,jeanette,1.00,0.00,0.00,0.00,1.00,0.00,0.00,0.00,0.00,0.00,1.00,2.00,5.00,1.00,0.00,0.00,0.00,Tried to hang but failed. was the best at putting alage In the barge and tried to stay out of the way of other bots ,4/4/2025 7:57pm
,93,7153,jeanette,1.00,0.00,0.00,0.00,1.00,0.00,0.00,0.00,4.00,4.00,2.00,0.00,0.00,0.00,0.00,0.00,0.00,,4/4/2025 7:57pm
,94,181,jeanette,1.00,0.00,0.00,0.00,0.00,0.00,0.00,0.00,0.00,0.00,0.00,1.00,5.00,0.00,0.00,1.00,0.00,Can dislodge algae. Pick algae from floor slow putting the algae in the barge.,4/4/2025 7:57pm
,95,999,jeanette,1.00,0.00,0.00,0.00,1.00,0.00,0.00,0.00,0.00,0.00,0.00,1.00,0.00,1.00,0.00,0.00,8.00,Broke so he could not pick up anything so had to go play defense. ,4/4/2025 7:57pm
,96,6328,jeanette,1.00,0.00,0.00,0.00,3.00,0.00,0.00,1.00,4.00,4.00,1.00,0.00,2.00,1.00,0.00,0.00,0.00,Was good ,4/4/2025 7:57pm
,1,230,Zander,1.00,0.00,0.00,0.00,1.00,0.00,0.00,0.00,1.00,2.00,1.00,2.00,0.00,0.00,0.00,1.00,0.00,A little slow. missed 2 shots directly into the barge,4/4/2025 7:57pm
,2,9644,Zander,1.00,0.00,0.00,0.00,0.00,0.00,0.00,0.00,0.00,4.00,6.00,0.00,0.00,0.00,0.00,0.00,0.00,Had trouble with coral settling into the intake properly to begin with. ,4/4/2025 7:57pm
,3,181,Zander,1.00,0.00,0.00,0.00,0.00,0.00,0.00,0.00,0.00,0.00,0.00,3.00,0.00,1.00,0.00,0.00,0.00,Potentially can score an algae in the processor in auto. failed this time. Can only do algae. also can potentially score in barge. failed with that too,4/4/2025 7:57pm
,4,571,Zander,1.00,0.00,0.00,2.00,0.00,0.00,0.00,0.00,10.00,4.00,0.00,0.00,0.00,1.00,0.00,0.00,0.00,Descores 2 algae in auto. they tend to do that as they score the coral,4/4/2025 7:57pm
,5,4925,Zander,1.00,0.00,0.00,0.00,0.00,0.00,0.00,2.00,0.00,0.00,3.00,0.00,0.00,0.00,0.00,0.00,0.00,"Not only were they slow, they missed about half of the coral they tried to score",4/4/2025 7:57pm
,46,5687,Zander,1.00,0.00,0.00,0.00,4.00,0.00,0.00,3.00,4.00,4.00,2.00,0.00,3.00,1.00,0.00,0.00,0.00,fast scoring. floor pickup. level 1 shots bounce out occasionally,4/4/2025 7:57pm
,58,2423,Zander,1.00,0.00,0.00,0.00,3.00,0.00,0.00,1.00,2.00,2.00,1.00,2.00,0.00,1.00,0.00,0.00,0.00,,4/4/2025 7:57pm
,59,246,Zander,0.00,0.00,0.00,0.00,0.00,0.00,0.00,1.00,2.00,1.00,5.00,0.00,0.00,0.00,0.00,0.00,0.00,They had a lot of alignment issues this match and missed a few shots because of it,4/4/2025 7:57pm
,60,237,Zander,1.00,0.00,0.00,0.00,1.00,0.00,0.00,0.00,1.00,2.00,1.00,3.00,0.00,1.00,0.00,0.00,0.00,,4/4/2025 7:57pm
,61,1058,Zander,1.00,0.00,0.00,0.00,1.00,0.00,0.00,1.00,0.00,0.00,5.00,0.00,0.00,0.00,0.00,1.00,0.00,,4/4/2025 7:57pm
,95,6329,Zander,1.00,0.00,0.00,0.00,3.00,0.00,0.00,0.00,4.00,2.00,4.00,5.00,0.00,0.00,0.00,1.00,0.00,,4/4/2025 7:57pm